sample,expGroup,glyoxylate,glycolate,pyruvate,lactate,x2_oxobutanoate,acetoacetate,glycerate,uracil,fumarate,Maleic_acid,x2_keto_isovalerate,Guanidoacetic_acid,succinate,Methylmalonic_acid,x3_S_methylthiopropionate,nicotinate,taurine,Pyroglutamic_acid,Citraconic_acid,x2_ketohaxanoic_acid,N_Acetyl_L_alanine,oxaloacetate,Hydroxyisocaproic_acid,malate,hypoxanthine,anthranilate,p_aminobenzoate,p_hydroxybenzoate,acetylphosphate,Carbamoyl_phosphate,a_ketoglutarate,Phenylpropiolic_acid,x2_oxo_4_methylthiobutanoate,x2_Hydroxy_2_methylbutanedioic_acid,x3_methylphenylacetic_acid,xanthine,Hydroxyphenylacetic_acid,x2_3_dihydroxybenzoic_acid,orotate,dihydroorotate,allantoin,Aminoadipic_acid,Indole_3_carboxylic_acid,phenylpyruvate,Atrolactic_acid,Phenyllactic_acid,quinolinate,phosphoenolpyruvate,Uric_acid,dihydroxy_acetone_phosphate,D_glyceraldehdye_3_phosphate,sn_glycerol_3_phosphate,aconitate,allantoate,Ascorbic_acid,x2_Isopropylmalic_acid,N_carbamoyl_L_aspartate_nega,Pyrophosphate,glucono_lactone,myo_inositol,hydroxyphenylpyruvate,homocysteic_acid,x4_Pyridoxic_acid,x3_phosphoglycerate,Indoleacrylic_acid,Kynurenic_acid,citrate_isocitrate,isocitrate,citrate,x2_dehydro_D_gluconate,D_gluconate,D_erythrose_4_phosphate,Xanthurenic_acid,lipoate,D_glucarate,deoxyribose_phosphate,pantothenate,deoxyuridine,ribose_phosphate,thymidine,uridine,deoxyinosine,D_glucono_?_lactone_6_phosphate,hexose_phosphate,glucose_1_phosphate,glucose_6_phosphate,fructose_6_phosphate,1_3_diphopshateglycerate,2_3_Diphosphoglyceric_acid,S_ribosyl_L_homocysteine_nega,inosine,6_phospho_D_gluconate,xanthosine,D_sedoheptulose_1_7_phosphate,N_acetyl_glucosamine_1_phosphate,glutathione_nega,dUMP_nega,Geranyl_PP,O8P_O1P,dTMP_nega,cyclic_AMP,fructose_1_6_bisphosphate,trehalose_sucrose,Cellobiose,orotidine_5_phosphate,SBP,trans_trans_farnesyl_diphosphate,S_adenosyl_L_homocysteine_nega,dCDP_nega,x5_phosphoribosyl_1_pyrophosphate,OBP,dTDP_nega,CDP_nega,UDP_nega,trehalose_6_Phosphate,Thiamine_pyrophosphate,adenosine_5_phosphosulfate,ADP_nega,dGDP_nega,IDP_nega,GDP_nega,CDP_ethanolamine,FMN,cholesteryl_sulfate,dCTP_nega,dUTP_nega,dTTP_nega,CTP_nega,UTP_nega,CDP_choline,dATP_nega,Taurodeoxycholic_acid,ATP_nega,dGTP,GTP_nega,UDP_D_glucose,UDP_D_glucuronate,ADP_D_glucose,guanosine_5_diphosphate_3_diphosphate,UDP_N_acetyl_glucosamine,glutathione_disulfide_nega,NAD_nega,NADH_nega,dephospho_CoA_nega,NADP_nega,NADPH_nega,coenzyme_A_nega,acetyl_CoA_nega,propionyl_CoA_nega,butyryl_CoA,x3_hydroxybutyryl_CoA,x3_hydroxy_3_methylglutaryl_CoA_nega,x2_hydroxygluterate,x2_deoxyglucose_6_phosphate,x4_phosphopantothenate,dehydroascorbic_acid,x3_hydroxybuterate,Urea,ethanolamine,Imidazole,glycine,alanine,betaine_aldehyde,choline,x4_aminobutyrate,dimethylglycine,serine,cytosine,Creatinine,proline,indole,betaine,valine,threonine,homoserine,purine,cysteine,creatine,nicotinamide,Imidazoleacetic_acid,thymine,DL_Pipecolic_acid,N_Acetylputrescine,hydroxyproline,leucine_isoleucine,ornithine,asparagine,aspartate,adenine,Methylcysteine,homocysteine,methylnicotinamide,histidinol,lysine,glutamine,O_acetyl_L_serine,glutamate,methionine,guanine,histidine,x2_Aminooctanoic_acid,carnitine,Methionine_sulfoxide,phenylalanine,Pyridoxamine,pyridoxine,x1_Methyl_Histidine,arginine,citrulline,N_carbamoyl_L_aspartate,glucosamine,tyrosine,Phosphorylcholine,x3_phospho_serine,N6_Acetyl_L_lysine,Acetyllysine,N_acetyl_glutamine,N_acetyl_glutamate,Ng_NG_dimethyl_L_arginine,Acetylcarnitine_DL,tryptophan,Kynurenine,N_acetyl_glucosamine,Flavone,cystathionine,x5_methoxytryptophan,Cystine,cytidine,biotin,deoxyadenosine,Glycerophosphocholine,acadesine,D_glucosamine_6_phosphate,D_glucosamine_1_phosphate,thiamine,S_ribosyl_L_homocysteine_posi,deoxyguanosine,adenosine,x1_Methyladenosine,guanosine,L_arginino_succinate,S_methyl_5_thioadenosine,x7_methylguanosine,dCMP,glutathione,dTMP,CMP,UMP,dAMP,Nicotinamide_ribotide,aminoimidazole_carboxamide_ribonucleotide,thiamine_phosphate,dGMP,AMP,IMP,S_adenosyl_L_methioninamine,GMP,xanthosine_5_phosphate,riboflavin,S_adenosyl_L_homoCysteine_posi,S_adenosyl_L_methionine,folate,x7_8_dihydrofolate,x5_methyl_THF,glutathione_disulfide_posi,NAD_posi,NADH,dephospho_CoA_posi,NADP_posi,NADPH,coenzyme_A_posi,FAD,acetyl_CoA_posi,propionyl_CoA_posi,acetoacetyl_CoA_posi,malonyl_CoA_posi,succinyl_CoA_posi,sarcosine,putrescine,spermidine,N_acetyl_spermine,N_acetyl_spermidine,N1_Methyl_2_2_pyridone_3_5_carboximide,N1_Methyl_2_4_pyridone_3_5_carboximide,Nicotinamide_Riboside,Adenylosuccinate,cholesterol,arginosuccinic_acid,phosphocreatine,retinoic_acid,spermine,HMG_CoA_pos
p0_1,pct00,0.17067623,0.56812898,0.16125972,-0.53410609,0.3854967,0.26591445,0.87770338,-0.22111058,0.52180881,0.501147265,0.51754919,-0.40517085,-0.20777472,-0.17855609,-0.58877038,0.33528269,-0.030820368,-0.044897864,1.17604492,0.54811087,0.17766853,-0.10687882,-0.34103505,0.425955532,0.41810043,0.3818182,0.44706914,-0.489369972,0.24967645,0.255550681,0.20372154,0.1970437,1.40550914,0.4072497,0.59655023,0.03154362,0.23202333,-0.46711917,-1.03820202,-0.119996628,-0.78575208,-0.785697478,-0.85547012,0.47966908,0.83187521,0.536723297,1.171698421,-0.42245816,-0.276341876,0.657921979,0.807395735,0.22864145,-0.54669686,-0.40434972,-3.30563481,-3.43135499,-0.37869873,-0.216109398,0.31357983,0.03248529,-0.33602684,0.346582058,0.491422539,-0.36519891,-0.272416959,-0.2041487,0.30457886,1.21091915,0.96158878,0.192623052,0.32810096,0.432310323,-0.05282234,0.01615595,0.56861037,0.56470103,-0.39816014,-0.2473681,-0.16637473,0.57293009,0.6563247,0.448718736,-0.28670778,0.4080252,0.18699815,0.638656732,0.5686968,0.031560862,0.08900532,0.15961874,0.08185797,0.13523586,-0.61982686,-0.00083319,-0.338644203,-0.95906931,-0.59981734,0.23682197,0.08810592,0.10231541,-0.02565585,-0.04387069,0.076417596,0.05545301,1.29234159,0.391575368,0.35501828,-0.13304647,0.25288436,0.012029406,0.375608836,-0.77757085,0.116819432,0.28041587,0.13589939,-0.301989042,-0.07934022,0.0659394,0.01630778,0.049118854,2.08E-01,0.13813984,-0.66553178,0.19697115,0.24169847,-0.5156147,0.152593221,0.19930732,0.47641985,0.28127255,0.69867086,0.03187778,0.24324918,0.255212202,0.11830314,-0.19278135,0.56542883,-0.6878371,0.35431928,-0.27736229,-0.74771769,-0.107227992,0.506165566,-1.587504602,-0.25164054,-0.077160531,0.17298469,-0.21390777,0.9294868,0.80602421,0.65727576,0.304562691,0.51629488,0.513678066,0.21373946,-0.93517326,0.32895688,-0.08204133,-0.569747671,0.37602677,0.1203369,-0.41719717,-0.020292915,0.13014769,0.04221116,-0.045540904,0.66208102,-0.396663015,0.12221196,-0.262616304,-0.09175169,0.26842967,-0.069567759,-0.23596913,-0.056929346,-0.167587471,0.03822567,0.244568407,-0.35173873,-0.48163903,-0.383862022,0.21720559,-0.553232707,0.002313931,0.16318901,-0.22010388,-0.05131616,0.55832647,-0.1029731,-0.90876338,-0.269575718,0.32682417,0.145265943,-0.46867358,0.24463524,0.163237442,0.45764881,-0.8801231,-0.23530449,-0.595508073,0.36572497,0.06946613,0.43767291,-0.09743683,-0.6136911,1.1392099,-0.65891575,-0.746369893,-0.28870369,0.40475203,-0.11059756,-1.13187507,-0.41028492,0.36912603,-0.483555005,-0.3654451,-0.27864587,-0.19552194,-0.57786087,-0.11388076,-0.12826921,-0.40613685,-0.68220905,-0.30543897,-0.596679959,1.06174446,0.14602383,0.579449505,-0.380076276,-0.0700572,-0.567817755,-1.83384561,0.43262189,0.83760248,-1.28571077,0.422684132,0.28515804,0.0927679,1.125051216,0.170658,-0.32039564,0.721843384,-0.19735885,-0.31551184,-1.890682891,0.48625904,0.310152978,0.48436585,-0.35417562,-0.29649005,-0.475335944,-0.04964746,-0.01764232,0.26795658,0.22241993,0.59734244,0.27569358,-0.69175113,-0.32103417,-0.06452165,0.28436025,0.5763791,0.43543532,0.91456903,-0.85926257,-0.217182851,0.32924004,-0.83301407,-0.47976157,-0.078108993,-0.389624818,0.1419146,0.62529637,-0.59296092,1.21487203,0.6462572,0.86501105,-0.140367053,-0.80653747,-0.200044592,-0.544982517,-0.61750116,0.08114762,0.45179206,-0.030378366,0.28706365,-0.44271133,-0.332696077,0.531835746,-0.43093269,-0.510566209,-0.41709215
p0_2,pct00,0.23717229,-0.08996643,0.23080486,0.0701026,0.36159154,0.44240019,0.43073273,1.57998848,0.55892691,0.597956358,0.62222256,-0.33224351,0.20449591,0.16581466,0.10402724,-0.0305807,0.092228893,0.908678381,-0.05662613,0.64782083,0.402481,-0.020421029,-0.04284569,0.505176108,0.64530086,0.4905434,0.52492946,0.045259747,0.59990681,0.305691829,0.462842168,0.44701171,0.64418224,0.16163657,-0.51440638,0.43452739,-0.37979758,0.10942439,0.009951692,-0.009202502,-0.04598648,-0.611126338,-0.56710309,-0.06992135,0.07823217,0.171404373,-0.004250866,0.61928949,0.009700718,0.964452032,1.004226003,0.39569756,0.10623176,-0.83806596,0.19658121,0.18060124,-0.88370859,0.404386568,0.31361881,0.18648314,0.08527302,0.648319707,1.187309599,-0.08772989,0.266255368,-0.47633956,0.50097303,-0.54307768,0.3653974,0.48463724,0.26492961,0.460731773,-0.59465307,0.99584551,0.47481648,-0.06739968,0.2227928,0.3228145,-0.08566216,0.45509901,-0.27487002,0.699938898,-0.08355649,0.43623146,0.16555916,0.555305776,0.48772788,1.076406694,0.97807979,0.8983042,0.45929634,-0.21177744,0.0360712,0.436042806,0.036429955,0.29259603,-0.01645831,0.88045591,0.791771199,0.19440592,-0.26012344,0.57797872,0.110579365,0.07216242,-0.81378049,0.532680657,0.55082152,-0.52545417,1.0111399,0.608693372,0.731374451,-0.08714933,0.631213361,0.86993237,-0.851773405,0.101323805,0.20964518,0.43851951,0.34336407,0.283964982,8.31E-01,0.32370429,0.87878143,0.1134028,0.36791381,-0.416509,0.350159977,0.81770037,1.12011445,0.21244334,1.27812856,0.14921702,0.75442923,0.777204154,1.036003605,0.17944053,1.33825559,-0.5868465,0.61229109,-0.35293549,-0.38703541,0.012721287,0.834301601,0.479123402,0.39170109,0.681539371,0.86582357,0.436266414,0.9643744,1.77908816,0.74746444,0.26802168,0.60153165,0.696674353,-0.767859524,0.36448877,0.2292857,-0.4957134,-0.411501214,-0.93848616,-0.40869631,0.49511822,0.154776161,0.23269019,0.25490696,0.077841688,0.51360939,0.199370121,0.45021965,-0.03740569,-0.12569717,0.16529577,-0.299886384,-0.52352534,0.43263564,0.005117353,0.16706062,0.375889212,0.28481659,0.16978975,0.235396345,0.44170678,0.40590883,0.263774983,-0.01732223,0.46443745,0.24786972,0.85022847,0.11582112,-0.18984056,0.800373199,0.53695352,0.667513917,-0.11506282,0.51757184,-0.203431425,0.6678904,-0.58490808,-0.31206119,0.381522264,0.48837847,0.170041325,-0.35868292,0.03903589,0.22576512,0.6462745,0.35642749,-0.601261897,-0.35809741,0.23699773,0.18059858,-0.19811677,-0.55834711,0.18346262,-0.042415695,0.32757536,0.01676935,-0.47581614,-0.29512951,0.14458154,0.06592775,-0.43052843,-0.2451293,0.8846482,-0.148632057,0.47206592,0.47691921,-1.039772041,-0.188299058,0.10119234,-0.436597939,-0.41515632,-0.0217456,-1.18516412,0.36002525,0.446152472,0.82267744,0.75551874,-0.86820402,0.4156561,-0.34435622,0.775242527,-0.33386462,-0.02018876,0.216601033,0.30131984,0.332291435,0.37501425,0.13456235,0.5408109,0.212597127,-0.24931049,-0.39947858,0.25799522,0.65866767,0.54171216,0.34166857,0.75207628,0.56109633,-0.79859528,0.557039461,0.778759,1.00174153,0.21426419,-0.53981061,-0.06243815,0.6984134,0.05025625,0.14283437,0.869453017,0.642471473,-0.0926781,1.7250349,1.08991694,1.42953441,0.9747183,1.0638434,0.507418803,0.33305106,-0.130091487,0.234432108,0.29553767,0.48018726,-0.65487933,-0.261169486,0.50922631,0.71329643,-0.581724603,0.1485743,0.25174955,0.234315392,-0.11656872
p0_3,pct00,0.16623544,0.58134741,-0.72455806,-0.52565223,0.42179011,0.37881792,0.86359969,0.01208038,0.70007358,0.679398051,0.6908007,0.30057426,-0.1940867,-0.17256441,0.11684171,-0.36760804,-0.193341782,0.695069994,-0.47186778,0.34656982,-0.34561074,-0.047351896,-0.40463789,0.53037139,0.42862892,0.3934289,0.34620449,-0.124340203,-0.04862716,0.180552699,0.189553401,0.26069046,0.0267438,0.12532935,-0.26061633,0.24163089,-0.7819609,0.3170164,-1.119377833,0.123339416,-0.31925644,0.293820002,0.0420769,0.02825302,-0.14925985,0.224879249,-0.592056718,-0.098919,-0.263706397,0.151924536,0.244211899,-0.09224598,-0.75974693,-0.55437038,-0.0276963,-0.02848943,-0.40353723,0.077134927,0.40814412,0.31659,-0.52244425,0.229966669,0.039068857,-0.28991203,-0.622376904,0.52992698,0.62721026,-0.66786001,-0.23084695,0.373312641,0.39995092,0.32491415,-0.47653889,-1.25423427,0.18457671,0.15159969,0.08482841,-0.3071312,-0.38335864,0.96698483,0.38566084,0.798303817,-0.54486085,0.22174373,-0.1579135,0.451199642,0.38441736,0.196355393,0.31823158,0.45108781,0.12708231,-0.06302311,-0.61510907,-0.221247886,-0.495474445,-0.79306431,-0.39199541,-0.05823201,-0.228855449,0.41055304,-0.0132003,-0.05132876,-0.011075889,-0.19764743,0.86111549,-0.183942275,-0.32428217,-0.18692467,-0.04816665,0.251732657,0.48150614,0.32433744,0.143607103,-0.01468907,-0.80301044,0.12569557,-0.10524451,-0.23799036,-0.24625222,-0.307179209,1.73E-01,-0.17889533,-0.54573179,-0.40852848,-0.04954482,-0.6032097,-0.335315883,-0.13361107,0.01208491,-0.45905927,0.40846981,-0.25727142,-0.11534013,-0.207268079,0.160324561,-0.40699195,0.59329312,0.2371463,0.183542,-0.34599812,-0.65842267,-0.593219351,0.166455967,-0.149673063,-0.64881445,0.005266557,-0.49002387,0.865325864,0.4508394,0.29532259,0.46634027,0.426088662,0.76105936,0.399833656,0.45212165,-0.63856458,0.51945251,-0.00968639,0.129228746,0.41090788,-0.09674193,-0.22009648,0.405996094,0.23406014,0.52871956,0.001338016,0.71932485,0.408349433,0.38052215,-0.283376966,-0.1252293,0.50094742,-0.224646697,-0.42811101,0.000826266,0.199162586,0.22959236,0.333110995,0.22631124,-0.29778047,-0.129321071,0.17335484,0.004943049,0.413266282,0.14946066,0.40552153,0.07860751,0.57011277,0.32351648,-0.25921779,-0.222870087,0.31150264,-0.291910994,-0.15590051,0.34425567,0.19036525,0.65266057,-0.46886902,0.25375332,0.203774697,0.13955028,-0.094346609,0.17837014,0.158933,0.32155075,-0.6921408,0.17500629,-0.629103263,-0.18355482,0.58131865,-0.23359616,-0.41407897,-0.59505212,0.73224343,0.005444843,-0.14675856,-0.13002511,0.2322013,0.05488832,-0.11432583,-0.4848074,-0.06725938,0.13732263,0.52719287,-0.024436831,-0.50797059,-0.05144713,0.545903805,0.372620878,0.20540278,-0.383038991,-0.37491567,-0.04808414,-0.09799081,-0.38359533,0.730124375,1.61157689,0.16854846,0.828579172,0.6703389,-0.10579831,0.890378881,-0.10313266,-0.263137206,-1.822152082,0.03163598,-0.18709547,0.20338867,-0.22825277,-0.15406321,-0.885806929,0.25717178,0.43739099,0.25864868,-0.11840416,-0.79755062,0.29716088,0.36055156,0.1960606,-0.05567902,0.654795294,0.9723635,-0.77210028,-0.20845139,-0.95869992,-0.419954307,0.08768417,-0.57570712,-0.79927517,0.110390246,-0.976625173,-0.2536079,0.54058043,0.67982019,0.74210788,0.6238678,0.54484198,-0.060590136,-0.09453354,-0.591106854,-0.340361286,0.65684971,0.25346213,0.73780255,-0.190245887,0.5371809,-0.11922913,-0.68844153,0.723673222,0.13969304,-0.284900703,-0.30182513
p0_4,pct00,0.07679744,-0.16599434,-0.03798066,0.01114159,0.18827718,-0.42140973,0.61784609,0.97523139,0.23071482,0.250861875,0.2114847,-0.56965694,-0.13521038,-0.10659191,0.0239457,0.12444694,-0.006187208,0.552792259,-0.61464015,0.19229367,0.75194286,-0.12708358,-0.14484479,0.119517796,0.59545511,0.5827167,0.59448331,-0.390556809,0.08247602,0.131006226,0.251269278,0.21467309,-0.63507144,-0.55323141,0.45955629,0.36207376,-0.0920791,0.03764149,-0.965390186,-0.023947029,-0.39774249,-0.957385312,-0.8188637,-0.27789458,0.28466409,0.116611404,1.120026702,0.3642463,-0.320556509,0.883559577,1.019058976,0.47957826,-0.28509557,-0.69272399,-0.13596589,-0.10156701,-0.62880426,-0.989345654,0.06774077,-0.35382149,0.03813792,0.380272999,0.434777202,0.08001753,0.380980176,-0.03765643,0.06165899,0.22581307,-1.35612557,0.214425337,0.03519283,0.006993966,-0.19942415,-1.08694386,-0.31830002,0.14413636,-0.71461471,-1.09887195,-0.03440888,-0.05778896,0.2984029,-0.203778939,0.68725881,0.09412349,-0.2304827,0.072742267,0.08592851,0.383867029,0.22753786,0.68166558,0.48648083,0.39389496,0.03269097,0.064823112,-0.24134929,0.01672655,0.61164767,0.48749415,0.394829331,-0.04423049,-0.60121278,0.93170812,0.219182813,0.45552039,0.04656323,1.035154259,1.27559047,-0.18298726,0.69126764,0.352763819,0.800498213,0.31785909,0.396327989,0.9807798,-2.379031352,0.033401277,0.34500984,0.45493017,0.37828005,0.5340388,5.62E-01,0.39546667,-0.30658322,-0.12361379,0.59921782,1.1105938,0.564805606,0.42020435,0.90796789,0.53648471,0.47462198,-0.16754597,0.63714428,0.636094466,0.530498008,-0.21766166,0.839007,-0.5051922,0.11808255,-0.89414028,-0.42372691,-0.130965426,0.269453245,0.3095791,0.2964066,0.287052812,0.41498645,-0.547278957,1.0853993,-0.51172415,0.87192877,0.177125694,0.16231595,0.201722593,-0.294661732,-0.12899957,-0.04337263,-0.54533198,-0.44359072,-0.48088383,-0.49489419,0.11766669,0.269064246,0.5618435,0.6347594,0.511008312,0.71581935,0.030309757,0.33409592,-1.105787007,-0.3953073,0.60144293,-0.872455296,-0.2412074,0.2241571,-0.44444877,-1.63060712,0.472922049,0.09671605,-0.08044165,-0.008745915,0.12658977,-0.151516991,0.010301359,-0.44972519,1.36679566,0.17795313,0.46516642,-0.3573483,-0.52857701,0.533735936,0.5699015,-0.865720831,-0.46027715,0.09804626,-0.116485204,0.49748343,-0.80102215,-0.48582648,0.042688143,0.25919427,0.317502929,0.07773363,-0.44233279,0.0501154,-0.5214342,0.29438403,-1.01787044,-0.04598469,0.47994767,0.34928188,-0.8236917,-0.25055252,0.81837123,-0.365246711,-0.50439305,-0.97980332,-0.29644033,0.09963301,-0.08242609,-0.63267867,-0.17296229,-0.62435222,-0.15736523,-0.34495514,-0.15496423,0.01603108,-0.376818018,-0.206986365,-0.35287875,-0.285388124,0.6380443,0.20842485,0.25954128,0.23931704,0.626640819,0.29235523,-0.70554241,-0.888402439,0.1900843,-0.09113951,0.854216086,-0.85972899,-0.669787704,0.095356921,0.46399906,0.299959718,0.43657544,-0.21447867,0.09895486,0.268983519,0.08384553,0.4244271,0.20640071,0.49299041,0.65148488,0.26671652,-0.60462916,-0.07933926,-0.20161202,0.306356122,0.641161,-0.60420824,0.21024769,-0.37864033,0.063974316,0.58658571,0.41912479,0.35381132,0.894833672,0.490692643,0.2299385,0.9795881,0.74626869,0.7956195,0.647857,-0.01283517,0.170995,0.62151809,0.334461045,-0.082053771,0.39638735,0.27784799,-0.67867382,0.171513134,0.29350767,0.31345594,0.051109602,0.486446311,-0.62983712,0.166840395,0.81047752
p2_1,pct02,-0.03320802,0.42107766,-0.15412631,-0.05147845,0.45094128,0.37897598,0.06881175,-0.06325369,0.54364683,0.519578983,0.56266746,0.71810231,0.10847069,0.13671508,0.18330754,-0.15556629,-0.439427499,-0.205055643,-0.6944403,0.13722755,-0.49199255,-0.564382018,-0.43834901,0.475173232,0.70013501,0.7484232,0.70312633,-0.209798473,-0.1525643,0.044695483,-0.434614529,-0.40842092,-0.4986539,0.69978275,-0.69613751,0.332453,0.18034423,-0.70576307,0.812463271,-0.682611985,-0.02231986,0.692024612,0.64844441,-0.12510967,0.10377608,-0.696293234,-0.196209417,-0.84001365,-0.033899494,0.007038562,0.055422603,0.04672551,-0.06966542,-0.04934848,0.18462068,0.14652902,-0.04620567,0.303232066,0.56001905,0.05112373,-0.40180987,-0.103674897,0.135973877,-1.05871842,-0.391179689,0.26443519,-0.1597249,0.04554171,-0.50075912,0.385734285,0.68164062,0.004248393,-0.64873466,-1.3385667,0.01970711,0.40527316,0.3375014,0.20702048,-0.63954877,-0.34444299,0.92776994,0.840281611,-0.9480629,-0.02760307,-0.19459427,0.117472788,0.06700381,-0.470207361,-0.30577175,0.09476543,0.13135114,-0.1847733,-0.21818749,-0.332745945,-0.775738941,-0.56390993,-0.31500429,-0.21696756,0.072946025,0.56832374,0.10843011,-0.58742015,-0.687724529,-0.4318152,0.32507702,-0.354754929,-0.45188013,-0.43325411,-0.32345499,-0.006863991,0.258545065,0.41246199,-0.354600553,-0.43320204,-0.677235575,-1.007412305,-0.90524695,-0.85599525,-0.8702007,-0.74195933,-3.10E-01,-0.2332298,0.17863217,0.08710313,-0.47773127,-0.6870077,0.222121173,-0.14873471,-0.04077803,-0.30535462,0.2836569,-0.2748409,-0.61657911,-0.61292814,-0.033579019,-0.82814229,0.11807418,-0.8742557,0.39667971,-0.57431536,-0.77498159,-0.682586732,-0.006443207,-0.703343978,-0.58522207,-0.20130675,-0.10409114,-0.38752192,-0.6815983,-0.77513546,-0.13343241,0.26274688,0.61421178,-0.389080093,0.137668478,-0.3993032,0.69638709,-0.15382279,0.001459428,-0.14134297,0.1572844,-0.29977227,0.269990997,-0.35479346,0.5026051,-0.441373933,0.5052857,-0.312354559,0.07395896,0.158792368,-0.1593034,0.35921567,0.257510153,-0.07900428,0.797261368,-0.228170369,-0.65490862,-0.152986947,-0.09677871,-0.50190226,-0.061147182,-0.04696956,-0.393216223,0.211068244,0.32717025,-0.40950274,-0.28105287,0.19990389,-0.18270949,0.31183805,-0.057123835,0.40539998,0.031690398,-0.20286081,-0.18799084,0.564682777,0.06474568,-0.30373379,-0.11138078,-0.481045686,-0.29172175,-0.004336173,0.68514381,-0.11067576,-0.39023591,0.5871725,-1.24651798,-0.739648996,-0.28101221,0.18399668,-0.59988366,0.25828818,-0.14407864,0.19622081,-0.268298468,-0.23214519,0.0106537,0.54472369,-0.03803228,-0.08485877,-0.46481673,0.13198683,0.03311994,0.29272468,0.12590121,0.12243873,-0.51860969,0.471278533,-0.639557487,-0.09520355,-0.287315125,0.27584476,0.31701922,-0.04884892,-0.22380053,0.4736776,0.33786041,0.19463197,0.37671297,0.299751,-0.30158783,0.660252686,0.52124603,-0.499565798,-0.72460188,0.30547868,-0.817186205,-0.52075343,0.0424053,-0.48484265,-0.161147579,-0.29675898,-0.7409981,-0.22332848,-0.15693769,-0.87930646,-0.09813519,0.45207843,0.30209283,-0.40011904,-1.086439612,0.5170089,-0.85669942,-0.15342354,-0.79239987,-0.74964267,0.03777182,-0.90744506,-0.34299793,0.241977599,-0.332400924,-0.1637532,0.88180805,0.30005565,0.95596524,0.9119358,0.5414633,-0.183285944,-1.14561211,-0.419580034,-0.154341907,-0.75026423,0.42444124,0.33551989,-0.157789527,0.39372268,-0.02520797,-0.243973588,0.253062649,-0.1346748,-0.621474389,-0.49795756
p2_2,pct02,0.26477146,0.26957454,0.07248072,0.05338132,0.0521874,-0.17602522,0.04221873,0.016681,0.55100301,0.559313535,0.53320245,0.35275139,-0.03528567,-0.06965449,-0.27424094,0.47952285,-0.183641638,0.285511936,-0.40591055,0.29152954,0.03601186,-0.6258434,0.15519878,0.474644286,0.46335634,0.4391355,0.36324479,0.2714133,0.0149268,0.266980943,-0.165146469,-0.18004657,-0.36792048,0.45469706,0.27093232,0.32860428,0.14824192,-0.27772427,0.544936491,-0.303605878,0.14039973,-0.098009717,-0.24568539,-0.77626711,0.30270894,-0.450301366,0.081213163,-0.12476592,-0.218585804,0.081492476,0.170149833,0.33982076,0.09945669,-0.04337739,0.28758003,0.26968336,0.02066796,-0.188460937,0.32168148,0.3562892,-0.33889255,0.169216014,-0.062370193,-0.38093439,-0.254511947,0.05502827,0.15670952,0.20641907,0.11365654,0.2834269,0.46464688,0.282110035,-0.48767919,-0.29194346,0.17296468,0.56410775,0.3422409,0.43112603,-0.40220439,0.2765808,0.2546648,0.826573444,-0.1220647,0.16425692,-0.14095873,0.339705146,0.16944816,0.091320864,0.19757146,0.01949507,0.23451319,-0.08997464,-0.17967887,-0.187242709,-0.357978645,-0.83653212,-0.01942668,0.21060609,0.291449931,-0.02403603,0.15936553,0.19237862,0.009096594,-0.08729252,0.66270284,0.45420126,-0.42143786,-0.23223966,0.06781791,-0.050451057,0.565188353,-0.30197534,-0.045026502,0.06135452,-0.263262697,0.156188089,-0.20557111,-0.31989264,-0.33804243,-0.350772748,1.10E-01,0.20185134,0.21315795,0.30591753,0.21386473,0.3523053,0.322882528,0.21058434,0.37202893,-0.5136561,0.39682359,-0.15702142,0.24774052,0.260644614,0.421125127,-0.550412,0.35685902,-0.1172504,0.4028936,-0.37982075,-0.54693108,-0.11568884,0.175753781,-0.003085698,-0.33019623,0.135048848,0.19091764,-0.587143648,-0.5608786,-0.66112899,0.47948994,0.212350084,0.59841973,-0.057071238,0.352245045,0.10918266,0.04889637,-0.05073656,-0.052583624,0.15746198,0.21559809,0.27807905,0.000947874,0.06579317,0.22629414,0.014330204,0.63281723,0.213992759,0.35904512,0.009001317,0.1034361,0.1786953,0.016674787,-0.3788522,0.637919444,0.026410244,-0.43120534,0.184883054,0.28288168,0.20442292,-0.180431459,0.05226726,-0.022856736,0.160919883,0.19915275,-0.52917345,-0.18233975,0.71917644,-0.18601677,-0.04167363,-0.157766446,0.33762273,-0.009930661,-0.08170903,0.04732229,0.333954876,0.43725933,-0.28716418,0.01435295,0.251820749,-0.1007391,-0.24543656,-0.33824569,0.06253267,0.5961731,-0.6670653,0.20703963,-0.050458114,0.30211741,0.45616979,0.09524571,0.0739614,-0.60179658,0.57269328,-0.035205311,-0.18419242,0.19485589,0.11681496,-0.15493941,0.01014966,-0.07012414,-0.4676863,0.28081246,0.16451865,0.155560746,-0.46607503,0.17534069,0.256337267,-0.074667309,0.29502851,-0.286088172,0.24407348,0.04645137,0.6597872,0.40843727,0.637836493,0.95917371,-0.0655857,0.604761329,0.1916796,0.33797416,-0.200972268,0.03154486,0.223153155,-0.303656215,0.41287406,-0.12913619,-0.54341798,0.08031802,0.03547142,-0.15936736,0.02866045,-0.20403193,-0.27363428,-0.09953584,-0.77373523,-0.37484791,0.77660525,0.37656785,-0.11168834,-0.051313218,0.2448596,-0.7474462,0.1197873,-0.61707717,-0.097692482,-0.06939061,0.08167678,-0.27952437,0.002172836,0.134481066,-0.1491595,0.47788298,0.9792664,0.89120036,0.7227213,0.53949414,0.375826219,-0.3709548,-0.262844406,-0.063855153,0.44286358,0.35688329,-0.84301605,0.013783612,0.20376842,0.13941747,0.112171641,0.179079747,0.49352128,-0.200489278,-0.27374937
p2_3,pct02,-0.36125082,0.41197652,-0.53451264,-0.3913308,0.18660908,0.28093351,0.46587859,-0.32562962,0.47501365,0.450679914,0.3865558,0.43927636,-0.06327692,-0.05315874,-0.47398139,0.1641207,-0.51498944,-0.084748042,0.06969274,0.36751072,-0.07710295,-0.148476831,-0.48348525,0.302645648,0.59906859,0.5928324,0.609333,-0.245786637,-0.09906204,0.232019782,-0.500631509,-0.47576422,-0.01064307,-0.58115943,-0.13404311,0.41669205,-0.52894895,-0.23673199,-1.177929525,-0.153429379,-0.41696601,0.368656058,0.29752863,0.08546652,0.14067488,-0.001349963,1.115930153,-0.28388179,0.066107515,-0.11706161,-0.196619654,0.15650657,-0.3977026,-0.15154045,0.13242263,0.12153796,-0.17442506,0.013620258,0.53676306,0.22363958,-0.42834715,-0.025325561,0.112407488,-0.44604982,-0.434811711,0.29472799,0.06307188,-0.32088362,0.01133476,0.24864251,0.48744643,-0.302476756,-0.47197539,0.3575132,0.29081919,0.12446819,0.14552981,-0.20723772,-0.33462965,0.40187405,0.39443674,0.259321862,-0.49188973,-0.29251524,-0.36890132,-0.180211049,-0.23417645,0.061721286,0.16258557,0.32929789,0.10317405,0.21027702,-0.17089711,-0.398952851,-0.508567375,-0.54084801,-0.14868772,-0.28951357,0.078334801,0.50223708,0.01640231,-0.62275614,-0.136267795,0.04028484,0.86376682,-0.234491825,0.26020998,-0.01842395,-0.28135767,0.26780077,0.180548287,0.24385299,-0.045232628,0.18117,-0.402051479,0.031417859,-0.64856041,-0.42227888,-0.40778309,-0.48325412,7.96E-02,-0.10340584,-0.40425263,-0.252196,-0.1935762,-0.6663809,-0.112359592,-0.33926562,-0.15336241,-0.26400479,0.07362165,-0.86756485,-0.43679726,-0.403445821,-0.077824201,-0.5211343,0.20119068,-0.272108,-0.07768501,-0.31178053,-0.56886949,-0.249360824,0.09958462,-1.613077315,-0.19945612,-0.689461658,-0.24371797,-0.835201001,-0.6585877,0.48437468,-1.41570612,0.674882965,0.40468157,0.007292481,0.720470555,-0.36769403,0.56173503,-0.5505067,0.217983073,0.68542925,0.28026504,-0.4294536,-0.029597871,0.4235319,0.53061753,0.395325588,0.64333055,0.073213035,0.12105814,-0.298401243,-0.45905063,0.15964129,-0.199010752,-0.10646038,0.481579681,-0.143362231,0.03346938,0.004765044,-0.10354297,-0.58693519,-0.44583563,-0.25606099,-0.439320299,-0.063779301,-0.07288746,0.10781948,-0.11903428,0.44722831,-0.02518927,-0.35785005,0.536196821,0.35139272,0.269588412,-0.23836289,-0.28465421,0.259539807,0.42941649,-0.38341223,-0.03850783,-0.059749994,0.20835278,-0.125455819,0.29508611,-0.13454333,0.37408106,-0.7570284,0.30399012,-0.299426865,-0.02907325,0.45142829,-0.28547724,-0.33052452,-0.23039933,0.22150599,-0.34346906,-0.47638812,-0.22354076,0.45520112,-0.53193176,-0.23550288,-0.38731934,-0.10772621,-0.42432692,-0.4436349,-0.496269837,0.81068801,-0.18495244,0.168834682,-0.218104528,-0.72935509,-0.286594693,0.03012745,-0.55949526,-0.05267853,0.20713399,0.505298867,0.05859929,-0.43340163,-1.11404603,0.2135542,0.03734975,-0.068170837,-0.1887907,0.068688552,-1.486865731,0.34607937,-0.460935299,0.2736502,0.09041258,-0.1745473,0.001007535,-0.12323127,0.26989154,0.16955343,0.31304934,-0.85918174,0.46540503,-0.85889045,0.06414822,0.04398706,0.443964268,0.8754485,-0.83588048,0.30748375,-0.56506972,-0.17060436,0.27197628,-0.47588246,-0.14907198,-0.257080995,-1.217814407,0.49215,1.22501734,0.47644748,0.87555847,0.621204,0.94384888,-0.424954163,-0.51225061,-0.43381522,-0.007499233,0.31378296,0.39405985,0.1348795,-0.027188575,0.53780401,0.46550542,-0.007365189,0.308974007,0.25808677,-0.265212447,-0.30457581
p2_4,pct02,-0.09691618,-0.02394874,0.11010659,0.16380021,0.18806465,0.16646101,-0.59655487,-0.41919721,0.36879294,0.42451885,0.40256212,0.05763955,0.53103946,0.54351972,-0.03892773,-0.11689567,-0.443827733,0.1631464,0.34099238,0.24619189,-0.36468195,-0.201303467,-0.17935921,0.362544591,1.04371094,1.1379501,1.08442977,-0.203592891,0.14949634,0.164296545,-0.428305086,-0.34439989,-0.10457657,-0.41744465,-0.2449192,0.86527502,-2.17476559,-0.29730892,-0.309021058,-0.291889963,-0.34697342,0.411366838,0.16507237,0.58263152,0.10463139,-0.509285705,-0.163450917,-0.45512115,0.541062203,0.192662479,0.106428131,0.22543808,-0.56232366,-0.39623043,0.34959802,0.28168855,-0.25376943,0.678904221,0.4729146,0.43410507,-0.14249935,-1.640440768,-0.124138046,-0.3910895,-0.085205787,-0.44427634,-0.02969675,-0.33518885,-0.17490319,-0.160298674,0.52934176,0.054515562,-0.54619215,-1.31088514,0.01302706,-0.06906131,0.15612754,-0.74746558,0.21098767,0.22660286,1.20944614,0.625141658,-0.55630005,-0.01198553,-0.04014538,0.118716442,0.11633386,-0.166590792,-0.08844953,0.79397774,0.39328357,0.42498081,0.89008591,0.012839777,-0.340912267,-1.30204315,-0.03969875,-0.4009561,0.417635981,0.57760946,0.34056245,-0.45482146,0.22325015,0.57662474,0.3355156,0.376222152,-0.29584854,0.09764057,-0.64950316,0.301324878,0.317275393,-0.23558793,-0.356862881,-0.08836347,0.018921277,0.004889283,-0.60217801,-0.63597464,-0.66940307,-0.718385496,7.09E-02,-0.30543758,-0.53919641,0.61314975,-0.784932,-0.659499,-0.230895741,-0.56232628,-0.72377439,0.06913036,-0.11800142,-0.8456339,-0.94729633,-0.97398346,-0.182521084,-0.617076,-1.17065915,-0.2270748,0.06213142,-0.87627378,-0.4048126,-0.325828787,0.181616521,-0.187952376,-0.14979367,-0.106449689,-0.26936235,0.593279672,-0.6509105,-0.74615662,-0.36337109,0.465837052,0.39217579,0.100488381,0.673554367,-0.60480418,0.64556545,-0.35053678,0.06837142,0.14845251,-0.13106398,-0.16388967,0.028924258,0.38925961,0.48251628,0.344278775,0.17570986,0.088161058,0.08775424,-0.358169792,-0.2069776,0.12602216,-0.535035118,-0.59778954,-0.40769505,-0.441533706,-0.71952653,0.007709936,-0.08495536,-0.43378498,-0.54661275,-0.33147172,-0.067448778,-0.747931401,-0.19539571,-0.42832968,0.1890391,0.11860683,-0.06966644,-0.19055413,-0.642375925,0.96720573,-0.368317123,-0.35994994,-0.35038464,-0.145235423,0.0750559,-0.42519639,0.34733921,-0.101363178,-0.242695,-0.178828445,-0.81882975,-0.33842555,0.15109482,0.6830089,-0.03032976,-0.004793429,-0.48880456,0.17980706,0.08545752,-0.31638835,-0.36088114,-0.11424069,-0.38340162,-0.29449884,-0.19874517,-0.12058833,-0.15973112,-0.20571233,-0.37950939,-0.21876582,-0.24446067,-0.61251782,-1.175220823,-0.65856462,0.31627267,0.00304532,-0.612594306,-0.91512544,-0.32368106,0.44658774,-0.30483302,0.09921907,-1.43961388,0.088508,-0.44636505,0.1625853,0.674580346,0.9810995,-0.14098051,-0.03251661,-0.19233271,-0.008718713,-0.509389692,-0.37035638,-0.209136259,0.47930449,0.07780069,-0.15375175,0.197065971,0.4060413,-0.54111113,-0.14972694,0.17735981,0.19129121,0.73152729,0.68445119,0.46488699,0.08630818,-0.252257163,0.3581688,-0.82893375,0.07859328,-0.35623049,-0.262442342,0.10554002,-0.13356475,-0.1047726,-0.641702863,-0.151294424,0.14961,-0.88729117,-0.76201872,0.48905535,0.5585348,0.34986331,-0.003313231,-0.3745187,-0.588116635,-0.750269246,0.30824432,1.07547316,0.67926423,0.051348265,-0.08585968,0.25116329,-0.195869241,-0.905458432,0.30777621,-0.261997016,-0.10022064
p6_1,pct06,-0.01071188,-0.06223062,-0.55470474,-0.38794822,0.05099108,-0.11352107,-0.06980618,-0.81796717,0.47186938,0.444841362,0.47851211,0.22529691,-1.27525967,-1.33169443,0.2389076,0.07819619,-0.250252443,-0.249667191,-0.28239371,-0.01939533,0.11362528,-0.355020065,-0.25264595,0.365286569,-1.00908821,-0.7401486,-1.12545944,0.547490001,-0.06079231,-0.168667812,-0.541014364,-0.69005196,0.34561821,0.94909549,-0.55780247,-0.64342809,0.037174,-0.23906337,0.745513691,-0.074557533,0.80289109,-0.058397167,-0.09157967,-0.28353929,-0.37281782,0.518115774,0.213835737,0.50238559,-0.980016018,-0.178495799,-0.311281439,-1.06317482,0.01738454,0.36674399,0.1643346,0.14959389,0.25020271,0.360838468,0.12950492,0.06046132,-0.15803393,-0.448550224,0.002186158,0.26456387,-0.27475857,-0.02218838,0.72603348,0.30005232,-1.51114189,0.202880335,0.08244202,-0.109122238,-0.02906521,-1.22263895,0.57556907,0.14945514,-0.11132189,0.19468238,0.16612316,0.30070379,-0.61415624,-0.458786876,-0.06979961,-0.2871632,-0.16727001,-0.301660454,-0.2218784,0.63834253,0.6608696,0.29194486,-0.72235391,0.08829895,0.20113934,0.168074668,0.376033579,-0.32730735,-0.02261797,0.36224918,-0.06056069,-0.25297456,0.23647831,-0.21807644,0.265060933,0.22805823,-0.96054718,-0.002655645,-0.05914744,-0.26987025,0.24261813,0.512629357,0.026040903,0.15477225,-0.050988219,-0.07665389,0.070045762,-0.12918076,0.07989646,0.0930885,0.15194984,0.127486887,2.51E-02,-0.57343594,1.32044532,0.05595922,0.53918844,-0.5718201,0.131953381,0.52671531,0.3558146,-0.71467202,0.13854706,0.04531711,0.45171402,0.461047508,0.5738833,0.20149063,0.70048979,0.1339401,0.05860068,0.35146697,0.03395006,0.213418016,0.076919623,-0.270550403,0.44017229,0.59871026,0.59227402,0.454716276,1.056811,1.04013414,0.72091582,0.001960638,0.1596219,-0.328751189,0.506346374,0.07149432,0.25628606,0.08060605,-0.373464129,0.25544309,-0.0925551,0.11103722,-0.058757439,0.40027045,0.57760056,0.280621707,0.21773585,-0.002808062,0.51292217,0.254028111,-0.06995321,0.1436984,0.002576934,0.20967933,0.523431886,0.211994172,-0.36478236,0.433636948,0.1470093,-0.57566407,-0.333216476,-0.45400333,0.535237174,-0.093147459,0.08005,-0.06141691,-0.28598549,0.32578614,0.06369969,0.46160482,0.57505546,-0.9441276,-0.194859873,0.09546381,-0.56982182,0.44840233,0.05958003,0.25914887,0.16212492,0.098489091,-0.01131762,-0.098064211,-0.33003436,0.27357631,0.22144739,-0.6598969,-0.26894039,0.088159881,0.88750119,0.58999692,-0.81167413,0.51864994,-0.2718261,-0.49813857,0.046682071,-0.14818401,-0.07511622,0.10891394,-0.2382782,-0.1628227,0.10521016,0.13799865,0.04252495,-0.28318778,0.962543865,-0.46492466,0.2140521,-0.588130373,-0.263184418,0.03753767,-0.27579016,0.14989366,-0.51590037,0.54074844,-0.02492259,0.229272715,0.06943689,0.11662839,0.38237353,-0.6114571,1.271621,-0.413452489,-0.4114246,-0.554087825,0.217151494,0.05232555,-0.074559089,-0.50065044,1.28592761,0.55120995,0.139032974,0.0905063,-0.11015985,-0.18118122,-0.4191949,-0.7669273,-0.3699342,0.72290734,0.28685302,-0.30474982,0.128179318,0.1547161,0.36962517,0.09255524,0.11411289,0.380312531,-0.21316335,-0.20796901,0.33132066,0.444609423,0.374657094,0.3192284,-0.80251427,0.58768991,-0.53258252,-0.6875289,0.44103358,0.238471274,0.1067668,-0.063946454,0.047105937,-0.81260751,-0.54075912,0.24858543,0.349162938,0.53712394,-0.12958133,1.370947006,0.632531577,-0.33341307,-0.28770052,0.06828293
p6_2,pct06,-0.04132705,0.59343056,-0.98095163,-0.85593741,0.06895951,0.25109936,0.73453868,-1.21962017,0.53764351,0.54690953,0.558603,0.81463231,-1.45972757,-1.42206724,0.72229914,0.02861013,-0.0934659,0.256152383,0.83634589,0.58024417,-0.34354353,-0.323110278,-0.2495839,0.450732554,-1.70013391,-1.7509524,-1.76819614,-0.417300103,-1.06038292,0.433218987,-0.277293896,-0.3189513,-0.31591319,0.11252654,-0.35823485,-1.8082875,0.03255041,0.08812479,0.947453753,0.08197546,0.21554862,0.685001901,0.64905653,-0.05672583,-0.35244908,0.433665184,0.120456356,0.80370303,-1.498730956,-0.964851939,-0.986049163,-0.99134335,-0.09237167,0.30005512,0.27902653,0.26724709,0.19331203,0.081887998,0.45378733,0.42876077,-0.54428092,0.1735887,-0.246376759,0.83144494,-0.002416251,0.79809571,0.79171505,-0.37181956,0.02968711,0.465872752,0.47093389,-1.030570799,0.21884407,0.30270905,0.58365989,0.33394536,0.08424242,0.44554328,-1.22625455,0.70824305,-0.93662615,-0.848224902,0.24171015,-0.84771011,-0.76787351,-0.982718439,-1.10773932,1.056315572,1.01253241,0.05468231,-0.84684292,-0.01917872,-1.3437954,-1.004894267,0.293499656,0.16054359,-0.06255673,0.78483594,-0.234620553,0.6311024,0.30675516,-0.72439057,-0.100071638,-0.11848102,0.07660708,-0.588754739,0.31866518,-0.73466344,0.19202165,0.07571901,-0.284034242,-1.24493747,-0.05009788,-0.27323876,0.007705458,0.725361119,0.20198112,0.14491025,0.05479158,0.058813115,2.63E-01,-0.29121003,0.57353814,0.47485357,0.44752932,0.5509215,0.695526922,0.58212306,0.3254586,-0.67314838,0.4592792,0.06376816,0.67397295,0.666727128,0.536908405,0.17347501,0.65168229,0.110325,0.47106089,0.74666443,0.02315327,0.273763277,-0.019872775,-0.655018679,0.29004687,0.566534476,0.29986768,0.60156435,0.5429517,0.63071075,0.96835724,0.337481519,0.58927789,-0.134387736,0.754173578,-0.14841151,0.85310322,0.25152791,-0.013684451,0.44012777,0.37434138,-0.14657582,-0.116501556,0.46866984,0.19703674,0.398421585,0.33062359,0.262337828,0.37994224,0.017411671,0.24184996,0.16744437,0.209220655,0.53792706,0.134501821,0.093443889,0.52959061,0.224562047,0.1507652,-0.03754803,0.256954003,0.18068378,-0.637388179,0.214877802,0.21748532,-0.13685752,-0.12009626,0.90530161,0.12887574,0.27411985,0.165797456,-1.11124568,0.550660874,0.52854044,-0.18908348,0.294426489,0.70623805,0.34870071,0.08745577,0.263911025,0.26262735,0.039061842,0.11371094,0.00574471,0.74482898,0.3432893,0.30864397,0.303189656,1.18165938,0.83894945,-0.77524031,0.13076915,0.11992936,0.07795855,0.557521388,0.62115236,0.38640808,0.98000851,0.51788837,0.27582624,0.13446619,0.10208059,-0.01654326,-0.30597273,0.320712966,-0.16704882,-0.3700664,0.080771242,0.25939166,-0.23698122,0.115134068,-0.67946786,-0.88768521,-0.14322078,0.41900164,0.315617831,-0.18557902,-0.07721254,0.701541816,-0.4154974,1.23913339,-0.568053668,-0.82027725,0.221852501,-0.262632304,-0.36191613,0.282161752,-0.92805472,0.97523514,0.49787647,-0.262250175,0.27403615,-0.47647018,-0.29852287,-0.80633186,-0.72292812,-0.90434873,-0.7040618,-0.0334389,-0.23535153,-0.001875814,0.3716656,1.35897188,0.23127775,0.07794758,0.430217548,0.05836814,-0.82594775,0.32178165,0.350486065,-0.454242171,0.467239,0.30116144,-0.60600981,-1.41588995,-0.6353848,0.40829985,-0.043665518,-0.09026494,-0.333509731,-1.610131875,0.15731215,-1.83264772,-0.78264391,0.000270269,0.88103502,0.3518945,1.231030645,0.790699582,0.2375844,-0.199776433,0.10070211
p6_3,pct06,-0.21247018,0.23052392,-0.04787983,-0.05289996,0.02449186,0.21197704,0.08224815,-0.0408083,0.10041883,0.097583778,0.09201209,0.47129132,0.46635601,0.42135262,0.56899355,-0.05557273,-0.380766765,-0.007329378,-0.30139463,0.09852037,-0.02574015,0.395617606,-0.24011591,0.082829755,0.56235022,0.5308847,0.56086415,0.586031595,-0.08762047,-0.155589456,-0.562501247,-0.57595564,-0.25797603,0.14022287,-0.0396232,0.60303773,0.10617314,-0.39320591,0.985772691,-0.257735302,0.0262011,0.501137534,0.29905733,0.23218312,-0.15651339,-0.004138779,-0.242943393,0.12976564,0.762349703,-0.634290171,-0.414602826,0.01357245,-0.66516618,0.19753185,0.34551729,0.29933561,0.18870188,0.612077641,0.2450417,0.21665753,-0.20751187,0.016285267,-0.06499675,0.01407812,-0.512281675,0.44288789,-0.07888899,0.50354827,0.26832977,0.383581283,0.3290682,-0.432093903,-0.23795588,0.40226863,0.64051605,-0.2732699,0.06797835,-0.81776735,0.29856646,0.23781038,0.79481369,0.238316617,-0.23674375,-0.71656231,-0.59336211,-0.691496391,-0.62102851,0.32802847,0.43080489,0.7954624,0.20102269,0.19478151,0.61559261,-0.167821036,0.271810982,-0.3955681,0.44878767,0.08762904,-0.540584697,0.37314218,0.37334819,-0.33575491,0.411204819,0.63827783,-1.04662074,-0.055837876,-1.02920892,-0.13078208,0.0531462,0.420517056,-0.019259337,0.17731087,0.081030153,0.33001393,0.449167138,-0.302870235,0.34483489,0.10159788,0.15860171,0.287704335,3.20E-01,-0.09964344,0.30865704,0.21338478,-0.36272885,-0.6628901,-1.096481497,-0.62045147,-0.27094545,0.3422129,-1.54280907,-0.08511245,-0.43747938,-0.382980463,0.013803296,0.05983856,-0.18812936,0.6052339,0.01167473,-0.05211733,-0.02721485,-0.135724441,0.060656369,0.355599467,0.44695572,0.196923036,0.11449273,-0.786259496,-0.6546936,0.88429772,-0.142237,-0.09807071,0.15298447,-0.02665673,0.162419624,-0.72243643,0.29636269,0.1970377,-0.262529871,-0.04298269,0.15058737,0.01097148,-0.621800206,0.37117299,0.12896888,0.330441749,-0.02633405,0.079971134,0.2575829,0.029495207,0.11763837,-0.17150671,0.104281022,0.32048688,-0.599691426,0.147059237,0.31051339,0.091305989,0.21454028,-0.43490538,-0.273703288,-0.5358248,-0.4810513,-0.589384847,0.23438094,0.03025817,-0.15348476,-0.18135503,0.77369802,0.42959399,-0.270591463,0.28067918,0.397689892,0.16032421,-0.57220246,0.075113797,0.1516698,1.35001395,0.29627857,-0.084602271,-0.8193441,-0.48310371,1.275236,-0.20752267,0.16876554,0.929477,-0.39990887,0.188725298,-0.72501005,0.53330723,-0.33139233,0.36023711,-0.11597111,-0.89763414,-0.203347335,-0.21333803,0.10401252,0.424867,-0.05975246,-0.30711921,0.13878893,0.72858878,0.2858269,-0.89888293,-0.097014506,-0.15066782,-0.80609411,0.160926527,-0.616971979,-0.60665873,-0.231229622,0.41034678,-0.88459904,-0.31565444,-1.44324131,0.416082692,0.15194208,0.05729327,-0.000413115,0.4229741,-0.372822,-0.05146793,0.79481788,-0.071013736,0.128519576,0.38338712,-0.09166807,0.23963081,-0.08683269,0.56620678,0.103886779,-0.42314892,0.42329052,0.21592602,0.33213611,-0.85577604,0.57519959,0.1772928,0.22668296,-0.33097453,0.004916422,0.2433984,0.68341015,0.27319846,-0.05136119,-0.253511725,0.0869284,0.48746084,0.29712383,-0.348722396,0.315780348,0.4404206,0.01033549,0.33612179,0.19811549,-0.7928206,0.56641256,-0.027228977,-0.33945682,-0.318109411,-0.142186875,0.06604798,0.49081678,0.87480413,0.281261131,0.53505211,-0.07574219,-0.279064697,-0.100416565,-0.44209553,-0.684616221,-1.80721494
p6_4,pct06,-0.23045689,0.16588276,-0.5287241,-0.4519202,0.1176842,0.0837624,0.3279686,0.26845569,0.08840108,0.084340952,-0.01562778,0.21290663,0.17481975,0.12407742,-0.0541637,-0.28597122,-0.833973518,-0.209068928,-0.07407716,-0.07023738,-0.35391583,0.385976043,-0.416088,0.001595738,0.21410941,0.1340242,0.05401634,0.789423911,-0.08930275,-0.396122364,-0.867245655,-0.82290602,-0.42173553,-0.06631885,0.15582225,0.28468824,-0.0122065,-0.27674285,-0.222571392,-0.385420914,-0.0955294,0.13571669,0.24379432,-0.52459551,-1.06331684,-0.36577315,0.203344733,0.08335501,0.300952937,-0.012552106,0.060525478,-0.29651603,-0.92457592,-0.11907399,0.08328074,0.09756719,-0.05101766,0.039980306,0.13679124,-0.02753007,-0.475457,-0.256049627,0.163821991,-0.03472804,-0.870207222,0.37421322,-0.11191749,0.10092386,-0.20389775,0.40052729,0.04436915,-0.391483844,-0.3629707,0.03306335,0.48445834,-0.45340429,-0.57644666,-0.11198658,-0.11106411,-0.38915571,0.01031687,-0.296458994,-0.76363761,-0.38718573,-0.51209574,-0.207258573,-0.3067751,0.067728418,0.23927217,0.61346976,-0.04395955,0.08151576,0.09185859,-0.286584209,-0.176722278,-0.34653349,-0.06187617,-0.31390286,-0.548288094,-0.04445569,-0.2044562,0.24319188,-0.37009021,-0.2885309,0.29809151,-0.353624948,-0.4751254,-0.50058555,-0.09472314,0.070005803,-0.003933105,0.15809401,-0.08806607,-0.03530387,0.297537146,-0.401180115,-0.04871871,-0.06567474,-0.11751297,0.004896879,-8.54E-05,-0.6837212,0.40320412,-0.51800791,-0.03591182,-0.7938424,-0.526257785,-0.38998598,-0.15354516,-0.39131938,-0.20436266,-1.18031059,-0.31332465,-0.282024201,0.074299409,-0.21003046,-0.16144581,0.4556149,0.00778381,0.08792145,-0.274908,-0.289669007,0.206297131,0.505937707,0.16599826,0.015204331,0.26151228,0.361949432,-0.8007692,0.5857964,-0.18668507,-2.237035448,0.05125112,-0.354193687,0.221621929,-0.64743924,-0.07260899,-0.0326217,0.142495148,0.08412477,-0.31392265,-0.5086088,-0.494296478,0.36540898,0.33399093,0.340994289,-0.04578547,-0.128877462,0.11875518,-0.514793744,-0.16063417,-0.047137,-0.506066206,-0.10974634,-0.059853609,0.006535238,0.32877674,-0.153559643,-0.07287353,-0.49614193,-0.893080787,-0.60979168,-0.322282856,-0.231625031,-0.06311064,-0.08183156,-0.53066645,-0.20908575,0.2122546,-0.07658053,-0.247811595,0.18241318,-0.038489198,-0.19167254,-0.85486537,0.173293046,-0.10259435,0.35706238,-0.0747317,-0.375057397,-0.46297031,-0.506374545,0.49108326,-0.03132798,0.08231751,0.265025,-0.51607864,0.09102976,-0.97460801,0.59271011,-0.68212565,-0.08763431,-0.42071946,-0.25035769,-0.584535957,-0.65375567,-0.20168486,-0.06307257,-0.20094539,-0.60410769,-0.23590612,0.07759979,-0.54450752,-0.18009676,-0.222982846,-0.47318715,-0.28210105,0.002609253,-0.464565711,-0.06215795,-0.285454228,0.41305332,-0.57031922,0.38190445,0.1340232,0.246020828,0.02532885,0.127373,-1.239377089,0.2459805,-0.4131419,-0.007276336,-0.095671,-1.06507499,0.164899439,0.5158044,-0.525181872,-0.24062588,-0.34188753,0.31237521,-0.189095512,-0.27489323,0.13291607,-0.09090235,0.04570386,0.11821328,0.09458966,-1.00017312,-2.3567341,-0.3655428,0.546149184,-0.4376361,0.47243995,0.32153082,-0.27977041,-0.582021339,0.38411134,0.22792264,0.05515383,0.165183751,0.501232282,0.6617017,0.26953049,-0.91979443,-0.00639054,-0.9442251,0.34315693,-0.53147314,-0.28524169,-0.473949869,-0.229778706,0.27210541,0.25259477,0.38671698,0.208292839,0.08899738,-0.39877813,-0.428500397,-0.748684953,-0.42816703,-0.51066314,-0.39757048
p10_1,pct10,-0.1428209,0.01115897,0.34232436,0.24406306,-0.29104472,-0.14555063,0.11015374,0.35890404,-0.05755308,-0.044485597,-0.04996025,-0.03269291,0.12207789,0.12712499,0.02231199,-0.10507051,-0.109705575,0.089299653,0.32040057,0.15769176,-0.63628125,0.352734095,-0.22645669,0.053350067,-0.4024834,-0.4015565,-0.60807704,0.002422629,0.01497816,-0.20574349,-0.001177847,0.09063438,-0.25958518,0.05348486,-0.41397422,-0.1003943,0.6106107,-0.19615187,-0.212338422,-0.603066225,0.30593107,-0.029494309,-0.17736938,-0.79149632,0.86785601,-0.153942736,-0.16172019,0.63529315,0.020001712,0.416518309,0.34672051,0.0799819,-0.00802702,0.10632102,0.20489349,0.15301138,0.24879655,-0.185774261,-0.19358868,0.17703542,-0.06164665,0.210846939,0.184884581,0.60803997,-0.417854196,-0.50929034,-0.17570714,0.16992398,0.25212199,-0.010521622,-0.41358603,-0.137288739,-0.31767416,0.25094167,0.41966716,-0.23017665,0.26703955,0.1438365,0.34905901,0.14299026,-0.05289365,-0.006894365,0.4215284,-0.18691826,-0.15159262,-0.32047569,-0.29209487,0.472178739,0.43138739,-0.17949612,-0.11792534,0.23837903,0.29719221,0.103736645,0.271305816,-0.29018455,0.4739043,0.18349964,-0.000244072,-0.335549,0.25649788,0.51685105,0.008959944,0.19259041,-0.95760868,0.456154187,-0.47634554,-0.26896055,0.2334194,0.267111434,0.120072683,0.20899438,0.359305613,-0.12953069,0.513652606,0.190074997,0.57820009,0.35291541,0.36492259,0.333807918,1.27E-02,0.11824699,0.59129711,0.23757205,0.72955526,0.6055245,0.42965738,0.61700735,0.42301547,-0.5022547,0.29500728,0.17151394,0.53755604,0.495579546,0.590793494,0.32586879,0.12980575,0.1970687,0.34744038,0.4107166,0.17726464,0.091632614,0.121755417,0.122463173,0.1770084,-0.293715446,0.27205488,0.831464606,-0.5496241,-0.65049916,0.54048509,0.249806419,-0.1760067,-0.115502455,-0.26075197,0.01507397,-0.55321144,0.40971906,0.252189366,-0.28438765,-0.42044605,-0.21956439,-0.105319978,0.05836832,-0.24233677,-0.079185664,-0.39049201,-0.005923658,-0.47106047,0.389886015,0.39670348,-0.545053,0.427055394,0.30264273,0.097321265,0.320164194,0.63324058,-0.690180215,0.23594401,-0.12938555,0.068682953,-0.22312973,0.165309809,-0.559690046,0.37039723,-0.23194763,-0.61247324,-0.35731812,0.25636231,0.3553344,0.464124356,-0.18426442,0.212270759,0.23747508,0.02120752,0.151996776,-0.4116737,0.66178738,0.24112081,-0.319680105,-0.45571229,-0.378919741,0.1451868,0.39420276,0.08017627,-0.656703,-0.04803629,0.143639338,-0.05119233,-0.04877038,-0.08367962,0.34602614,-0.1260932,-0.3895186,0.152790268,0.15916995,0.04917459,-0.06350163,-0.22100682,-0.20895493,0.37789418,0.40759607,0.63685646,0.21092241,0.300956735,-0.37122081,0.34661296,0.434642627,-0.229310983,0.62145707,-0.079505337,-0.02701395,0.01529692,-0.0262849,0.43639814,-0.107934982,-0.1763889,0.18133599,-0.101448745,0.2797915,-0.10684334,0.075595376,0.33613669,0.129850036,0.269560272,-1.47253721,-0.032500974,-0.26876256,-0.29019869,0.50830127,0.203845135,0.13860463,0.45892116,-0.21863728,-0.37815932,0.58270343,-0.59062374,-0.75061584,0.26369358,0.01914954,-0.105613077,-0.2473581,0.62025547,-0.09606008,0.17699445,0.203506894,0.1367348,0.19594885,0.16854017,0.056878767,0.007386747,-0.2083844,-0.79950738,-0.65535362,-0.14111425,0.4955599,0.09539528,-0.138461725,-0.38644491,-0.24967649,0.008561605,-0.64792823,-0.18527591,-0.83132237,-0.075022749,0.14897805,0.09773593,-0.45736516,0.119291215,0.17844089,-0.368289623,0.47165317
p10_2,pct10,-0.20289877,-0.52367201,0.15055375,0.34198196,-0.22762591,-0.12738021,-0.89330645,-0.57772426,-0.14678208,-0.104101316,-0.12837957,0.1647518,0.6816457,0.73296091,0.43204521,-0.02681253,0.049809168,-0.020657917,-0.21827913,0.14637726,-0.42352312,0.407678469,0.26662308,0.042881298,0.36995864,0.366365,0.36376154,0.153925709,0.37484556,0.231915494,-0.110653039,-0.17599595,0.09438273,0.08966046,0.89346528,0.53752468,0.07206857,-0.07015737,-1.03799833,-0.072366147,0.42708078,0.154666366,0.13631508,0.07483603,-0.24983828,-0.044283542,-0.585287651,0.15355151,0.773395027,-0.455487249,-0.18784406,0.19012775,-0.01484351,0.54382246,0.38352858,0.36790718,0.40501874,0.431733885,0.03317968,0.27542269,0.14121159,-0.500006986,-0.528243531,0.21353325,0.161126493,-0.03622486,0.01603604,-0.06375129,-0.09728868,-0.009822376,-0.03285426,0.434302345,0.21240065,0.51069943,0.01502604,-0.2983172,0.68488889,-0.29482761,0.61828373,-0.46279746,0.476077,0.344961388,-0.08513071,0.31865039,0.51154315,0.303725007,0.28948793,-0.006604382,0.09555789,0.38443147,0.34371577,0.10470696,0.54543151,0.45007919,0.293297242,0.40405168,0.09169784,0.27664894,0.166643798,-0.02996134,0.55176563,0.25632645,-0.135128471,-0.22913641,-0.9072233,0.083942738,-0.36819783,0.22545391,0.47830965,0.436146985,0.13220841,0.11882949,0.360111405,0.38375299,0.782901318,0.856928728,0.47135942,0.38155485,0.33474706,0.347815808,4.57E-01,0.22777813,0.08293549,1.1139771,0.28970955,-0.5153949,-0.182211487,-0.04855158,0.05392418,0.27260475,0.14128941,0.14181984,0.05634346,0.049779179,0.231575259,0.28851572,-0.01671395,0.2971461,0.3842088,0.12226302,0.24425139,0.255761713,-0.029080577,1.187983426,0.27922589,-0.56239857,0.24221162,0.579179047,0.853729,0.38739305,0.24030198,0.335190512,-0.03736209,0.162448523,0.227948043,-0.10992744,-0.08484987,0.42097802,0.525780929,-0.59558152,0.33766166,-0.050573,-0.306698657,0.53776365,-0.18767411,0.515652174,-0.37733294,0.215762373,-0.11984016,-0.133878083,0.24601901,-0.38859189,0.150150767,0.09656347,-0.146565704,0.322733736,0.44114183,-0.129596488,0.1867188,0.39917981,0.007804521,-0.07502751,-0.412851204,-0.002917548,-0.06260739,-0.0619868,-0.34382082,-0.01735683,0.2780816,0.28387657,-0.044008241,0.32224014,0.26799745,0.28345252,-0.05067258,0.179559868,-0.14394051,0.05187597,0.30497554,0.233268462,-0.45055101,-0.258265158,-1.36784356,0.16904179,-0.2910573,-0.6019341,0.07140213,0.260425385,-0.25357603,-0.44026678,-0.04475789,0.21053046,0.43192175,0.26642962,-0.258612527,-0.24700436,0.38907353,0.22798134,-0.06014926,-0.07157813,0.38069375,0.12254492,0.52981451,0.46570086,0.205797939,-1.67299909,-0.06431853,0.332980803,-0.107242439,-0.47205446,0.267427276,0.38370619,0.26302021,0.54857053,-0.11238912,-0.512999467,0.26575148,-0.30398266,0.666558553,0.2431722,0.12134877,-0.174051615,0.3327332,0.25392671,0.875770631,0.19625195,0.159369274,0.22034858,-0.11999075,-0.05303676,0.436246242,-0.01803283,-0.09929527,-0.04172056,0.31847112,0.7199418,0.05741773,0.78538447,0.57826453,0.21783481,0.324776609,-0.5792243,1.11544314,0.16530667,0.22269634,0.04732662,-0.06165276,1.12782151,0.14574374,-0.587976379,0.37674924,-0.1785783,-0.74794263,-0.5927026,-0.56189559,-0.6222926,-1.073872,0.108009151,-0.17176174,-0.254632119,-0.505870414,0.32919041,0.40839163,-0.76951665,0.204856978,-0.01209979,0.29707042,0.045762692,-0.696164991,0.59866849,-0.098951367,0.02619789
p10_3,pct10,-0.5044574,-0.38455389,0.51296062,0.40799816,-0.25537737,-0.1117678,-0.70834051,-0.01693778,-0.38081355,-0.36593448,-0.37050413,0.19003172,0.53281608,0.50174224,0.55264986,0.36451872,0.054099445,0.116697381,-0.3350895,-0.43233771,-0.46107612,0.044934412,-0.1330061,-0.21118325,0.47745272,0.4014198,0.30038387,-0.367064062,0.4027731,0.009431992,0.078964449,-0.04718582,0.09150079,-0.31045911,-0.45084785,0.63862079,-0.15565301,-0.02931792,0.911658573,-0.32530468,0.39292702,0.327643777,0.03694304,-0.41801,-0.43647712,-0.258732267,-0.115619782,0.05514788,0.57687999,0.169845238,-0.570070263,0.10440339,-0.04659748,0.22790149,0.38851356,0.37463563,0.36259977,0.327048096,0.07428013,0.199236,-0.03301875,-0.260827237,-0.472318475,0.2572696,-0.037291018,-0.19479711,-0.43408567,-0.10671118,-0.23722219,-0.095199313,0.15328361,0.291244207,-0.01753303,0.07906277,0.14938968,-0.51025119,-0.05964978,0.13905114,0.69547132,0.01120952,0.25576562,0.436445108,0.07265643,0.28820951,0.49270985,0.12311617,0.18591836,0.054028412,0.2169001,-0.31691254,0.3666025,0.20867487,0.87900268,0.425734532,0.24741949,0.2565643,1.00618662,0.07719707,0.223210901,-0.09748692,0.45430837,-0.08620302,-0.150459603,-0.34582179,0.59064737,0.105304252,-0.52228999,0.25162003,0.24652195,0.439293793,0.0729906,0.20940505,0.075879274,0.04842099,0.967554724,-0.137565438,0.39650414,0.11790699,0.1291384,0.264432062,-3.62E-02,0.31283594,0.07789327,0.25600509,0.01077954,0.9821089,-0.002206729,0.16759823,0.09925116,0.12696555,0.15630721,0.19455423,-0.13801938,-0.152001932,0.125377595,0.20734901,-0.17372423,0.6622373,0.36118828,0.28790526,0.23641843,-0.011039339,-0.310934022,1.203634677,0.19189757,0.024066707,-0.03423778,0.853288607,-0.5201816,-0.62269014,-1.2765225,0.893468052,-0.25576858,0.357907743,-0.611021026,0.01635693,-0.40169844,0.32349374,-0.122354231,0.0644417,0.03708929,0.15085624,-0.371402987,0.28137893,-0.20415981,0.229853632,-0.44846326,0.281933092,-0.22543651,0.057781997,0.40682931,-0.51836892,0.051437167,0.20374675,0.462750401,0.261575131,-0.06463931,-0.202395571,0.37402438,-0.1140073,0.15224171,-0.09633182,0.517686472,-0.161586142,0.27755698,-0.10374457,0.01600777,-0.70447525,0.15826811,0.23482535,-0.434274578,0.34846666,0.26262897,0.34363421,-0.01291902,0.323183112,-0.5594369,0.37991054,0.53576679,0.222311136,-0.43218887,-0.242270488,-0.24880564,0.190248,0.10775938,-0.6295946,0.35045502,0.555739128,-0.11672695,-0.35077328,0.19406853,0.42040424,0.14787302,-0.25803371,0.322600794,0.2027631,0.62164114,0.24863642,-0.08847586,-0.08970501,0.35583732,0.23625774,0.46795239,0.04460037,-0.000389952,-0.34192839,-0.14834668,0.326959013,-0.238835036,0.06155462,-0.008871353,0.26792444,0.32553904,-1.34478966,0.06522154,-0.400666696,-0.20848567,-0.76976008,0.249851363,-0.101546,-0.14269396,0.272717327,0.37919635,0.497102462,0.71217531,-0.23325252,-0.093953156,-0.29602144,0.10315996,-0.01104539,0.219371621,-0.137584,-0.14212241,-0.32520535,0.24213502,1.11028833,-0.12408199,-0.72135959,0.40802225,0.54736891,-0.280582408,-0.4854617,-0.71059962,-1.12202144,0.29341678,0.071818779,-0.37778081,1.29393457,0.24552668,0.205555373,0.250659084,-0.2553392,-0.77398575,-0.62434454,-0.50468544,-0.6534237,-1.10217273,0.163301619,-0.11992985,-0.456785423,-0.391847235,0.04866465,0.62080696,-0.80073106,-0.379581435,-0.735935,0.47798647,-0.226560508,0.105925842,0.36739238,-0.358711887,0.69990209
p10_4,pct10,0.71306513,0.13275279,0.49175184,0.56795368,0.25863086,-0.04692844,-0.76226626,0.14215311,-1.28298994,-1.264943643,-1.29058184,-0.9154295,0.25244983,0.23536521,-0.28189234,-0.32084239,0.446711203,-0.931551278,0.60656425,-0.46808909,0.7642903,0.672536064,0.86848406,-1.480893473,0.3750186,0.5586602,0.39862649,-0.568947207,0.26747321,0.097168007,0.219707514,0.32182078,0.5888395,-0.68405667,0.45999445,0.28993213,-0.04960025,0.60066785,-0.52548337,1.006922516,-0.4566252,0.094955923,0.56905769,0.993473,0.09242234,0.079299236,0.113383902,-0.77583669,0.730439475,0.056897644,-0.322739909,0.75358355,1.25322683,-0.84372348,-0.05805175,0.03047033,-0.80772199,-0.979400306,0.21615085,-0.99207158,0.96869591,-0.716955791,-0.765811655,-0.5305079,1.034231025,0.19795867,-0.27266655,0.6437425,0.56209207,-1.188526787,-0.20979643,0.020499016,0.68413622,0.81018468,-0.33851004,0.78632329,-1.027262,-0.92757663,0.77678935,-1.76314697,-0.22539172,-0.524245192,0.24989417,0.25251662,0.42365921,0.256170647,0.21629982,-0.941842937,-1.57071781,0.04427214,0.55085846,-0.24424944,1.13311966,0.083506153,0.122034339,1.1087469,-0.38852735,-0.7231685,0.144260816,0.07772238,-0.83936939,-0.11922235,0.108514821,-0.22499143,0.79010424,0.015375721,1.20710573,1.078369,-0.4779509,-0.201828486,-0.037398681,-0.79075526,0.149174691,0.02722669,-0.058838264,-0.380755999,-0.20354769,0.21858196,0.18038485,0.161421767,-4.62E-01,0.48414633,-0.1589316,-0.81688721,-0.6160577,1.4302487,-0.244005421,-0.21889618,-0.64052999,0.82738524,-0.68472584,0.03375222,-0.46960304,-0.460557242,-1.192317861,0.50206574,-1.71825803,0.4107361,-1.93921016,0.08265782,0.57577895,0.871975009,0.24654897,0.051805865,0.55078723,0.301380257,0.647526,-1.106467676,0.1271883,-0.01107618,-0.62558715,-1.361044685,-0.98015224,0.097119887,0.009143904,1.19964753,-0.48911056,-0.83113308,1.099653464,-0.38154902,-0.06374949,0.49933046,0.511491074,-2.57381006,0.42971139,-3.16202232,-0.66553615,-0.788761123,-0.303558,0.440887234,-0.69819418,-0.16616648,-0.24034842,0.03520259,0.379955759,-0.827934518,0.42283999,-0.026012251,-0.73632975,0.59326075,0.390392077,0.15323576,-0.033659287,0.190071161,-0.71513696,0.36513165,0.63928397,-0.66759596,0.37690501,-0.32570642,0.845736016,0.43993171,-0.093318501,0.40085394,0.01506747,0.057070052,-0.33078872,-0.65814255,-0.7395841,-0.234075338,0.82528454,0.570145554,-0.93255725,-0.57136684,-0.54216948,1.3022471,0.06558949,-0.390040955,-0.04963623,-0.14590748,0.66401208,-0.19176469,-0.12773446,0.57174184,0.420567827,0.35917888,-0.61436365,-0.71768847,0.59855172,0.54686443,-0.51321578,-0.37724114,0.16267388,0.37079483,-0.084984881,0.94006061,0.84088041,-1.312447039,0.748691339,-0.23983504,0.343048002,1.01733394,-0.08444711,0.73269386,-0.69377572,-1.169910284,-1.78506299,0.5002283,-0.420968059,-0.6772176,-0.84698899,-0.209419618,-0.86295441,-0.262299997,1.135811274,0.52677983,0.558735885,1.11196137,-0.56314915,-0.561949,1.667221884,-0.98659292,0.25215043,0.9396389,1.00378449,-0.17221698,1.0340413,-0.07808534,0.30679852,1.17286983,-0.314038094,-1.1665007,1.11753629,-0.68700932,0.68099196,0.705930146,0.51117655,0.30610979,0.73022273,0.151767805,1.315120598,0.6546758,-0.21258932,0.05764814,-0.90431792,0.0173293,-0.49240306,0.094140738,0.78527455,1.398816931,1.556722797,0.38830602,0.41609863,-0.12810189,-2.159096132,-0.22372791,-1.40769753,-0.258774323,-0.881419471,-1.2221951,1.269708853,0.43667005
p14_1,pct14,-0.38299064,-0.17757464,0.34591508,0.19290136,-0.59255618,-0.86666562,-0.33183979,-0.32596829,-0.01665687,0.004499689,-0.01724694,0.34769332,-0.77820866,-0.7511586,0.34403292,0.16384577,0.111291433,-0.167076788,-0.58912082,-0.72441269,-0.09795444,-0.657330639,-0.22468576,0.098764997,-0.95099638,-0.5381146,-1.0488217,-0.128231181,-0.5015981,-0.120030561,0.227583186,0.01532485,0.21247056,0.02275959,0.09844961,-1.06194767,0.73740355,-0.58238917,0.611275298,-0.196069505,0.28091257,0.174337543,0.07135553,-0.03194256,0.29593591,-0.10905118,1.298967325,0.18649054,-1.53632354,-0.142199049,0.07337484,-0.41687473,0.1329137,0.6446359,0.25143336,0.23507705,0.77200413,-0.009282496,-0.08606447,0.25375086,-0.01530406,0.264054133,-0.501345956,0.64282535,-0.154932007,0.38368983,-0.29346781,-1.32123103,0.03196841,0.088563799,-0.03480098,-0.427797264,0.19549386,0.31079392,-0.47540774,-0.14553818,0.43085353,0.63643631,-0.72341354,0.29641907,-0.09484645,-1.707756729,0.07115208,-0.12726591,0.20079389,-0.426302578,-0.23212019,-0.432895073,-0.30628398,-0.9617054,-0.3653907,-0.42450107,-1.10468326,-0.464044875,0.181716782,0.35901161,0.38563998,-0.37744954,-0.4045434,-0.49002529,0.55286284,-0.15117853,0.608729707,0.73449731,0.63002817,-0.281211153,-0.67767198,-0.07829177,-0.41026791,-0.400379593,-0.102224791,-0.15338041,-0.582912969,-0.74595346,0.350348427,0.183655122,-0.09932979,-0.20922874,-0.13327441,-0.174151095,-5.79E-01,0.40500156,-0.51367615,0.16906893,0.02128712,-0.5200706,-0.217738472,0.06134075,-0.24247811,-0.1831885,-0.11842502,0.44440824,-0.02604235,-0.020408601,-0.316192897,0.0218312,-0.16981818,-0.181611,0.09359149,0.3027887,0.29976114,-0.01825454,-0.410984644,-0.365570291,-0.55915823,-0.462734319,-0.66806529,0.255335156,-0.4953562,-0.59924119,-0.05019289,-0.544133524,-0.32017086,0.107430096,-0.199207289,0.08215578,-0.25924653,1.01469347,-0.200891639,-0.3724934,0.42446014,0.51636595,-0.074593385,0.41915392,-0.06314991,0.448836948,-0.25259593,0.446503042,0.18212462,0.430839182,0.52553168,-0.07900077,0.889666399,0.54393318,0.016333251,0.508664309,-0.13377687,0.045932842,-0.20511599,-0.01644226,0.127784007,-0.13948008,0.219542756,0.520998962,0.52417624,0.12071246,0.35009896,-0.10915658,-0.44368056,0.2990663,0.349627905,-0.56518128,0.489674135,0.63405094,0.05488075,0.360436756,-0.46172579,0.66743935,0.36690297,0.355175946,0.19053905,0.020529096,0.18088075,0.57607545,-0.27524168,-0.6067373,0.03308911,1.153577536,0.42553918,-0.4581316,-0.17770736,0.42932651,0.53649483,0.36352874,0.340456301,0.24079671,0.60964873,0.23614096,0.24425218,-0.08379022,0.5866342,0.37865324,0.51347684,-0.47535013,0.876293822,-0.57506289,0.61487267,0.586337224,-0.015960788,0.55517695,0.130432158,0.05401875,-0.03225678,0.02940909,0.19901666,-0.006166651,-0.18347476,-0.22370781,1.081245648,0.2031284,0.62711957,-0.63128396,0.36402607,0.367671804,0.196067793,0.40826457,-0.077205908,-0.62133763,-0.22547264,-0.21862654,-0.63262122,0.46298473,-0.38340688,-0.72885863,-1.28869204,1.0227213,-1.01980942,-0.69669122,0.21620669,-0.17329951,-0.639806598,0.1511931,-0.6881199,0.29488522,0.37797102,0.057612893,-0.50898258,-0.27326107,-0.53277728,0.050017331,-0.705585651,-0.4645547,-0.75246509,-0.59819726,-1.40986571,-0.6276984,-1.07878634,0.424345499,-0.04229015,-0.164783541,-0.060815725,-0.23855867,-1.18923298,0.69916582,0.134577197,0.1143308,0.05407687,0.519180398,0.006984764,0.45911741,-0.35707726,0.47216692
p14_2,pct14,-0.23795133,-0.37124482,0.46785894,0.42735256,-0.18425012,-0.51963935,-0.99587964,1.44758229,-0.85243571,-0.832192861,-0.85993204,-0.23092301,0.41617005,0.45429252,0.08906954,-0.42313421,0.087081651,-0.525591021,-0.03629411,-0.64611729,0.22997202,-0.009566771,0.55792117,-0.700363179,0.34169439,0.228399,0.1809756,0.26420666,0.31799512,-0.294705121,-0.202047616,-0.10879633,-0.08415621,-0.55064395,0.11986232,0.57383405,0.36897425,0.51865634,-1.002581234,-0.136421836,0.52574392,-0.276807686,-0.22338859,-0.55833975,-0.26917943,-0.046271598,0.006068255,-0.18864271,0.416362259,-0.223901675,-0.572434953,0.28743916,0.24827682,0.36208557,0.31170311,0.25642063,0.36918875,0.252778397,-0.22999551,-0.03438519,0.40317032,-0.007180775,-0.948105054,-0.24582319,0.126528198,-0.32514534,-0.51187896,-0.3506347,-0.0984547,-0.285260746,-0.04282331,0.490600453,-0.19544181,0.58825677,-0.4862559,-0.5354838,-0.02754765,0.29741543,0.60938854,-0.60078477,0.05970857,0.544000432,0.08686224,0.46270944,0.22903421,0.438514373,0.50544907,0.156472146,0.28326242,-0.3672289,0.4124461,-0.39884617,0.7127313,0.602950886,0.192447705,0.48653667,0.30685413,0.36836488,0.456951646,-0.09054507,-0.24514166,1.30753871,0.203033607,0.25219652,0.45675273,0.088109062,0.11877486,0.3874728,0.20874413,0.364416541,0.224510909,0.46384685,0.197267755,0.47527568,0.560336377,0.479489232,0.31038254,0.26526383,0.32675521,0.329652814,3.02E-01,0.02048627,-0.27963989,-0.51155584,-0.05140281,0.673318,-0.142443472,0.21404684,0.02780874,0.51307744,0.31615847,0.36493684,0.12650264,0.099337424,0.076749184,0.0658944,-0.81856526,-0.7289095,0.07655743,0.34382548,0.19439825,-0.012349715,0.092426288,1.035137808,0.08738579,0.433695557,-0.16029422,-0.443182334,0.5928288,-0.55403038,-1.20342963,0.642870036,-0.55843721,0.118728581,-0.158050141,0.3692391,-0.18303299,0.46927488,-0.189490433,0.31986253,-0.07620767,0.04271236,-0.517097957,0.73805383,-0.03485202,0.747333084,-0.53073248,0.048848122,-0.31575667,0.174513812,0.16080419,-0.58245101,-0.04639591,-0.06656167,-1.66286411,0.166147644,0.7099091,-0.122221219,0.09675488,0.57983048,0.155352138,-0.15314016,0.782921027,-0.059495528,0.01169119,0.37451146,0.33339538,-0.86555833,0.17744575,0.24445026,-0.223404107,0.41093521,0.076530271,-0.31069681,-0.06494519,0.003612824,-0.67309808,-0.09004235,0.1308442,-0.009669902,0.57074941,-0.173597092,-0.68385079,0.31653811,-0.03155018,0.7931834,0.23677447,0.533865523,-0.01472908,-0.70744991,0.23248807,0.25115708,0.14854313,-0.05633562,-0.420019181,-0.19622152,0.11805161,-0.34168355,-0.19341875,-0.10910491,0.39565907,0.24594349,-0.1706241,0.08885885,0.303878674,0.28191476,0.11092035,-0.444046776,0.003864087,0.65068695,0.298826332,0.52798901,0.33291575,0.09240817,0.66795592,-0.098028287,-0.42158614,0.53071305,-0.927901502,0.1764413,-0.13681273,-0.427845001,0.39786509,0.031061023,0.864543048,-1.36808205,0.097677239,0.11256343,-0.25098656,0.2465355,0.34372443,0.13926519,0.41660393,0.20172735,0.29040149,0.44450789,0.27849294,-0.64913135,0.59448556,0.33688775,0.34455002,-0.2201464,-0.6447738,-0.65559049,0.2300902,-0.007521735,-0.02985682,0.98984488,0.19158555,-0.640624124,0.02919366,-0.5057438,0.77140402,0.54743591,0.23972317,-0.5781021,0.31367074,0.096575126,0.38438327,0.219622413,0.073087791,-0.37801942,0.50557026,-0.72520679,0.269085188,-0.05389986,0.56552265,-0.010800834,-0.832655333,-0.17039603,0.118430412,0.59009742
p14_3,pct14,-0.11658506,-0.67270953,0.3302405,0.47513633,-0.49929613,-0.56756377,-0.70554151,-0.27055895,-0.59191789,-0.573065562,-0.55456502,0.01635487,0.56277145,0.57697989,0.3284485,-0.60210615,0.094017956,-0.047581358,0.02512633,-0.07429778,-0.05198116,-0.116375189,0.08365939,-0.366766875,0.06599533,0.1127067,0.03548739,-0.041642433,-0.07000534,-0.068683549,0.261058058,0.24523208,-0.14837013,-0.14889477,0.2097193,0.28737326,0.14214187,-0.17357578,0.781943378,-0.437923767,0.25546301,-0.007364205,0.05526355,-0.14152639,-0.31672173,-0.062598256,-1.976171506,-0.0481049,0.668779177,0.399156019,0.187359787,0.13277741,0.0490859,0.46244205,0.32821482,0.30213735,0.367829,0.154998063,-0.44825585,0.12506456,0.18820662,0.231466086,-0.320064836,0.10361576,0.238169428,-0.56282777,-0.59223936,-0.61720926,-0.22059042,-0.123150257,-0.30758441,0.052124487,0.13978771,0.42970164,-0.59573155,-0.35587097,0.43004628,0.27063118,0.36366437,-0.79487592,0.01175279,0.142963849,0.10672782,0.11319433,0.44079212,0.002139456,0.04952412,-0.441839573,-0.21894864,-0.88711975,0.17739064,0.36671096,0.39562944,0.291858486,0.274710614,0.5853544,0.25261463,0.12904003,0.027529751,-0.29030491,0.10672635,-0.11503134,0.256231079,0.25185151,-0.89860905,-0.040380151,-0.38866612,0.4312399,-0.25360155,-0.243571836,0.003789139,-0.26766913,0.006709263,-0.30348299,0.550739664,0.269920058,-0.01158216,-0.07019122,-0.06521399,-0.065642283,-2.76E-01,0.01604394,-0.74232173,0.12416439,0.17386064,-0.5062792,0.015709362,0.25804583,-0.01304463,-0.15549035,-0.21081254,0.0756117,-0.01491556,0.032052587,-0.004018164,0.02344646,0.06198418,-0.1575981,0.08364752,0.19809194,0.36288474,0.000602617,-0.192418238,-0.041971169,-0.19270342,-0.429086206,-0.32145836,0.353553431,-0.4799689,-0.58470668,0.05193079,0.364719861,-0.35352381,0.057827828,-1.054323083,0.02265847,-0.48010419,0.35854238,-0.296905026,0.08970485,0.05722422,0.2799278,-0.460430577,0.55869043,-0.04426718,0.519360884,-0.44417602,0.269341761,-0.37568341,0.214402184,0.46255046,-0.45674136,0.483479389,0.16076724,0.332869859,0.284418948,0.61019973,-0.162333433,-0.28707957,-0.0454909,0.169592052,0.09575541,0.094367083,0.105390977,0.32168766,0.1421451,0.12195441,-0.66088886,-0.41091836,0.15054772,0.147938363,0.08635807,0.308192625,0.24014522,0.26638318,-0.133892475,-0.34585523,0.35607131,0.17659003,0.341205549,-0.38839836,0.051098744,-0.28474646,0.52903534,0.18664201,-0.5925699,0.65166523,0.462487394,0.06644699,-0.74763791,0.37276852,0.20077547,0.39118661,-0.61343625,-0.252077317,-0.10143349,0.4835927,-0.1600801,-0.07005777,-0.05589549,0.43121267,0.13051878,0.14137512,0.05462256,0.599985413,0.04950951,0.02631469,0.556126187,-0.090526634,0.65713756,0.14016805,0.11756987,0.33258086,-1.29906462,0.72604358,-0.563633169,-0.4809308,-0.83504539,1.058725556,-0.1619491,-0.11034955,-0.369075947,0.62355751,0.238046323,0.22128252,-1.40129672,-0.172109192,-0.06570847,0.30453678,-0.23562244,0.187354593,0.85701211,-0.43542393,-0.48295571,-0.32335857,-0.70298845,-0.54592323,1.17296273,0.36454518,0.19078322,0.525856604,-0.5690507,0.26765327,-0.16922688,0.36034725,0.091646298,-0.22749981,-0.09511719,-0.21159814,-0.419726501,-0.473553724,-0.456629,-0.73912561,0.51287919,-0.03975879,-0.6117536,-1.06429116,0.154052498,0.53459502,-0.008652489,0.242199393,0.03908744,0.16338314,-0.75894927,0.418769445,-0.42965896,0.12239156,-0.042193746,-0.426060364,0.96409144,0.245247611,0.3401909
p14_4,pct14,0.56849209,1.03231531,-0.0545239,-0.45313504,0.82526207,1.12447889,1.44195369,-1.00481499,0.09131101,0.065377288,0.07720284,-0.58256565,-0.57601148,-0.57018173,-0.39693745,-0.43368217,0.835822113,-0.467167121,0.77442951,0.70094888,0.682797,0.511669288,0.37387564,0.032159315,-1.49126581,-0.9055991,-0.4545944,0.395268065,-0.41726726,0.104157687,0.384599767,0.46990822,-0.35467565,0.0972888,0.07131527,-1.60517276,0.40139896,1.29778753,1.247985946,1.782047723,-0.76895059,-0.300454558,0.59185292,0.51673017,0.92618096,-0.430479633,1.326043379,0.18638583,-1.120369181,-0.77676399,-0.54550698,-0.59828591,0.67733546,-0.58870589,-0.88064252,-0.64701673,-0.73064866,-0.586263931,-0.25373831,-0.8323074,0.34408194,0.587262336,0.620409988,0.01430368,0.290338974,0.62964257,0.66776151,-0.07192638,1.53774387,-0.390638189,-0.70357075,-0.522571863,1.04055356,-0.28573534,-1.08929453,0.59788441,-0.4871203,-0.11517597,-1.02321613,-0.23343099,-1.33984137,-0.868248281,0.49434033,-0.66066677,-0.55523271,-0.642304153,-0.60680206,-0.395968218,-0.40701635,-0.53996578,-1.36612137,-1.1691894,-1.00630693,-0.877555366,0.419005872,0.80802587,-0.06117057,-0.87501788,-0.311582465,0.12028825,-1.00735433,-0.61029735,-0.083156223,-0.23051494,1.20113374,0.043072181,1.20878437,0.41177935,-0.21142323,-1.121674832,-2.062064153,0.40738039,0.374930121,-0.13027249,-0.52400755,-0.675638539,-0.11614817,0.39450841,0.49529116,0.452477613,-3.97E-01,0.61034358,-0.2296126,-0.46590607,0.51562223,0.3584684,0.144981938,-0.57294258,-0.58707376,0.40748457,-0.29211444,0.35856201,0.3548219,0.318194648,-0.850567761,0.54470823,0.58148976,0.4037498,-1.53189973,0.36825361,0.88186784,1.130713728,-0.38995924,0.071312914,0.84807744,0.322282009,0.63128154,-0.723006779,0.4849751,0.3269992,-0.26584676,-0.040939155,-0.60172888,-1.496460161,0.155233141,0.61756622,-0.23748879,-0.73517194,0.845028667,1.13533229,-0.01260553,-0.20232424,1.030244994,-2.59032042,-0.45975515,-2.234719256,-0.36142863,-1.318382011,-0.54024193,0.1790613,-0.84910353,0.47545671,-0.462200463,0.03349127,-0.498774762,-0.257508796,-0.6077631,0.065910669,-0.3370086,0.40829266,0.313651042,0.30756725,0.706318287,0.38849643,-1.27575884,-0.2532748,0.38056695,0.31872174,-0.21689406,-0.48383454,0.101342662,-1.52129986,-0.778769468,-0.4036085,0.13221542,-0.444305813,0.14911276,-0.40670077,-0.93555385,-0.5614176,1.06477372,1.18684618,0.92785285,-1.10352722,-0.16061464,0.2958737,0.23783602,-0.340859573,0.35035235,0.3430549,0.40345832,-0.64569652,0.04461769,0.88924688,1.308163415,1.10965596,-0.92159955,-0.30600472,1.25791051,1.2866844,-1.01753644,-1.6958332,-0.16117609,0.82374516,-0.60563926,0.71335323,0.38686633,-0.72244482,1.714957075,-0.58422205,0.789316088,-0.73711596,-0.12344872,-0.20154221,1.4828209,-0.813882615,0.33519105,0.57916749,-0.105318338,-1.687247,0.34044462,-1.473783423,-0.43396512,0.470862957,0.546827061,-0.41435665,0.985385438,0.46930216,0.76326938,0.52937608,-0.117436033,-0.57322422,0.93289282,0.56341324,-0.26917209,1.68140521,0.07417481,0.27743739,-2.13749422,0.15409695,-0.980412566,0.2828451,0.20037915,1.04430998,0.91327536,1.027540786,-0.14025135,-0.09757785,1.06665126,0.531599602,0.193943887,1.1782479,0.0977562,0.4346256,-0.61379352,0.388009,-0.15542469,-0.615185646,0.76875848,1.716187957,1.777354352,1.09958908,-0.88861345,0.24364465,-0.38619883,-1.35384516,-1.3479127,0.481968618,0.717714618,-0.80596203,1.497086473,-0.49063493
p18_1,pct18,-0.27383216,-0.71973437,0.20836561,0.02502219,-0.2843449,-0.09561184,-0.25865865,1.29962655,-0.30900279,-0.264633732,-0.24587157,-0.02366219,0.16176633,0.16512129,-0.20369095,0.32738194,0.096973411,0.206626456,0.33499886,0.19907387,-0.45532127,-0.062797179,0.17123582,-0.137577701,-0.31866314,-0.5050251,-0.13943767,0.68513745,0.23300782,-0.339475431,0.128986281,0.10953007,0.48059401,0.07076224,-0.38896939,-0.01479173,0.33354031,-0.19353195,0.064711038,-0.233803566,0.32891014,-0.12555786,-0.21046361,-0.06556202,-0.12885222,-0.074063875,-0.103901882,0.75012258,0.2535463,-0.049018711,0.187461629,-0.06871283,0.25371257,0.48528537,0.22937968,0.21365913,0.52755925,0.301463684,-0.55837152,-0.02417662,0.04003704,0.517057418,0.364239333,0.71729987,0.119271336,-0.41438186,0.09004038,0.37810899,-0.36893867,-0.073276181,-0.66774987,0.263229625,0.25791659,0.78561209,0.02743869,-0.45088326,0.24388315,0.70440837,0.26257204,-0.52031105,-1.03206427,0.175798087,0.18504038,0.11874195,-0.05504025,0.119109122,0.04413933,0.456539106,0.40229852,0.11572538,-0.04310381,0.46291434,-0.16625875,0.316610628,0.218113699,-0.37615336,0.19190339,0.14890032,-0.181207151,-0.46156378,0.04337037,0.40083895,-0.274266956,-0.16545174,-0.9016568,-0.072942993,-0.45963208,-0.16699912,0.31691609,0.067255653,-0.035908522,0.93404261,0.360207421,0.09691235,0.270590872,0.301269182,0.36511849,0.34020546,0.36850842,0.420930713,5.67E-01,-0.20750367,0.55184003,0.13880473,0.31172354,-0.5095044,0.587449002,0.25988389,0.14800333,0.11470847,-0.214621,0.22861829,0.19534265,0.193782838,0.558714932,0.34783526,0.11082623,0.2511612,0.2152637,0.36880428,0.22398105,-0.202198772,0.353918478,-0.048506799,0.07472519,0.721405695,-0.50881444,0.427869791,-0.4835673,-0.58810566,0.53777295,-0.217691022,-0.20566061,0.332232656,0.390859189,0.23389866,-0.11694662,0.38760179,-0.545208812,-0.16688397,-0.77922452,-0.2664886,-0.013460241,0.78385455,-0.80353516,0.863233552,-0.40386607,0.103360822,-0.39322603,-0.049189311,0.52313518,-0.44277991,0.053023326,-0.12924426,-0.410783444,0.163557559,0.3710569,-0.379963548,0.26856404,-0.03442289,-0.034467944,0.03199558,0.163659808,-0.089209005,0.13973395,-0.5988633,-0.41247125,-0.3638682,0.15439292,-0.05887985,-0.238997748,-0.19576817,-0.076351925,-0.48648231,0.06401586,-0.152763829,-0.37642336,0.50398041,0.09161399,0.038583613,-0.74439036,-0.31770382,0.12802031,0.18442547,-0.59952354,-0.595883,-0.25274951,0.41123471,-0.29108857,-0.84259927,0.1683057,0.26909019,0.43354591,-0.8042044,-0.048925287,-0.00823361,0.27004663,-0.11882954,-0.22370996,-0.10742926,0.476307,0.89871531,0.1041947,0.49642062,-0.234642431,0.17720406,-0.05530286,-0.193553816,-0.287920331,0.42686462,0.174773469,0.05899424,0.46062461,0.38762364,-0.19320882,-0.673762543,-0.41045365,0.69561691,-0.959715666,0.1273246,0.13336408,0.30103861,0.06684716,-0.217755133,0.381718747,-0.09664745,-0.154513595,-0.05091782,-0.011349,0.23601474,0.167840868,0.2458816,-0.29769473,0.17770969,0.01150067,-0.70613471,0.40630529,0.72339128,-0.73108643,-0.3249512,-0.075864457,-0.5740797,-0.67744412,-0.23658404,0.2611726,-0.512045769,0.36031133,-0.24151795,0.01039164,0.649157982,0.213518214,-0.7988418,-0.74224514,-0.58578034,0.10041384,-0.6154823,-1.0676809,-0.280726351,-0.19500197,-0.112222973,-0.640470221,-0.92749806,-0.1746918,0.61696678,0.078410823,-1.27062351,0.28152043,0.026010498,-0.348085123,0.06596413,-0.000940237,0.52132835
p18_2,pct18,0.23865099,-0.78471735,0.36942136,0.43420582,-0.36919703,-0.10400278,-0.72949549,-0.32425111,-0.45335359,-0.392675666,-0.47922971,-0.16966813,0.35080496,0.3744136,-0.45359457,-0.54170755,0.5927151,0.001799903,-0.14798748,-0.27279346,0.33049672,0.301226699,0.28130178,-0.302060002,-0.11927304,-0.2967404,-0.29360886,-0.375086229,0.07355298,0.128853462,0.621341501,0.59986638,-0.28198699,-0.17699677,0.46382207,0.16760982,-0.04600894,0.50462877,-0.884308226,0.419037877,0.38466478,-0.336528376,-0.25277782,0.73828595,0.39995396,0.389526174,-0.06211376,-0.32118489,0.637615961,-0.317819394,0.019256709,0.26054162,0.24456727,0.60609955,0.32895727,0.34863812,0.4121028,-0.411390807,-0.62547433,0.01909108,0.48849023,-0.152166342,-0.036068738,0.19612368,0.569308862,-0.49320084,-0.28708191,0.04326237,-0.18161135,-0.248865932,-0.46706754,0.287272422,0.5909512,0.91550323,-0.6522601,-0.47539696,-0.01314104,0.43183938,0.38912287,-0.67923543,-0.04179575,-0.116657468,0.59131933,0.42964869,0.49639805,0.255003619,0.34522421,-0.590003662,-0.49309097,-1.15456401,0.16401555,0.35438994,0.17334178,0.627771904,-0.023196004,1.03521473,-0.48927743,0.09471901,0.056444242,-0.0843657,0.13972691,0.90069593,0.176156324,0.24190293,-0.75048113,-0.244752007,0.50092981,0.39977336,-0.50942336,-0.456499618,-0.152840185,-0.15755042,0.165758739,-0.07888156,0.485058295,0.39488002,-0.11163967,-0.1121205,-0.0650609,-0.251188557,-2.59E-01,-0.61620228,-0.27976467,-0.22640096,-0.22623258,0.8271545,0.38065979,0.03274817,-0.1633759,-0.28043465,0.18541224,0.53688472,-0.02431171,0.004186115,-0.440562079,0.3071686,-0.70908524,0.3858642,0.06833116,0.31749953,0.55572613,-0.008549439,-0.336705627,0.500884893,-0.28776554,-0.152853103,-0.81305284,-0.078886701,-0.3050585,-0.41947457,0.03592034,0.370253888,-0.15008653,0.28437255,-0.113990857,0.4257317,-0.30740505,0.13994536,0.077390462,0.23088125,0.18078895,0.08589714,-0.009413079,0.99166477,-0.31426472,1.006124068,-0.2200214,0.171939736,-0.11205792,0.223716491,0.39695015,-0.09513549,0.405118201,0.43540431,0.284429837,0.122035475,0.70252007,-0.132661936,0.13342724,0.69943917,0.533729825,0.43457218,0.25828523,0.245239451,0.13458413,-0.06634474,0.19465515,-0.30793482,-0.33683433,0.24065167,0.004149984,-0.01366104,-0.476402018,-0.39210156,0.57032752,-0.320459967,-0.18623605,0.21786,-0.07862969,0.207280644,-0.57946654,0.029563327,-0.20092288,0.3837294,-0.62316472,-0.4315261,0.23546838,0.496203074,0.47038161,-0.81724178,0.63433704,0.24355126,0.61383159,-1.74926163,0.032030646,0.17870172,0.20257307,-0.19341522,-0.02462326,0.06576509,0.50410667,0.11676983,-0.05051034,0.31383011,0.236574768,0.46139704,0.06244746,0.252181519,0.47455799,0.09089857,0.497500277,-0.10146831,0.56152487,0.2455648,0.64269089,-0.318092288,0.2229342,-0.2743644,-0.802273533,-0.3450643,0.12403386,0.225402948,0.17868113,0.423882378,0.961522963,0.97320771,-0.292811208,-0.37768237,-0.50638457,-0.28534224,-0.107804971,0.39927636,-0.05253743,-0.07591406,0.06227115,0.35823978,-0.45490089,-0.5075973,0.33159539,0.24488813,0.157132683,-1.6148903,-0.51574249,-0.84540929,0.61246723,-0.057418186,-0.3792247,0.71749936,-0.38656529,-0.256947991,0.113253794,-0.5313693,-0.58747004,-0.39774464,-1.25532081,-0.4305148,-0.89953023,0.342289535,0.36294604,0.204146345,0.257171951,0.73652841,0.02677557,0.72299967,0.327455474,-0.33188344,0.1337,0.25862543,0.121958375,1.06757953,0.355753661,0.57139992
p18_3,pct18,-0.37452871,-0.64978064,-0.12496566,-0.00435153,-0.76266476,-0.50497164,-0.04954742,0.27132582,-0.59034707,-0.505683342,-0.52764837,-0.1018274,-0.1153273,-0.15235983,-0.41592975,-0.24369144,0.095609611,0.203838934,-0.05513632,-0.37039423,-0.02493564,-0.367786242,-0.2513509,-0.436246525,-0.92664251,-1.6468476,-0.97625305,0.098759319,-0.42107991,-0.385460141,0.283671632,0.33643234,-0.71865922,-0.72586531,-0.05503965,-0.64623315,0.38430482,-0.22154599,0.323862111,-0.357522547,0.25443438,-0.229308458,-0.44769463,-0.2243555,-0.23565026,0.249911544,-2.036081941,0.59034162,-0.086086839,-0.275588837,-0.004704255,-0.25013019,0.0538256,0.58757583,0.23400433,0.21717399,0.65739766,-0.346360168,-0.62134435,-0.03083877,0.02766778,0.442543708,-0.112631474,0.78976136,0.104633948,-0.36792019,-0.41175263,0.53033732,-0.01210203,-0.386448041,-0.69209843,-0.27619366,0.32394861,0.44783344,-0.31435303,-0.41495648,0.41946004,0.75054698,0.09911364,0.57222431,-0.39764361,-0.441595039,0.15845577,-0.14534066,0.11380222,-0.332621044,-0.21228897,-0.312500109,-0.21688526,-1.01193618,-0.52674269,0.11537937,-0.59864187,0.021444501,0.007962184,0.46376708,-0.14542203,-0.11006777,-0.578548207,-1.0652309,0.32192449,-0.24058727,-0.335144338,-0.71535147,-0.96276017,-0.787688388,-0.37452333,-0.18441516,-0.37387429,-0.606019308,-0.517204737,0.35643341,-0.090921985,-0.54811441,0.447393396,0.097622547,0.01270359,-0.24740839,-0.25803589,-0.226151512,-4.36E-01,0.31974277,-0.33764602,0.13972503,0.04128027,-0.5741617,-0.176572431,0.0020579,-0.17906133,0.10492574,-1.4341551,0.23181912,0.02049191,-0.02159224,0.050512777,0.09882382,-0.09793886,-0.2303988,-0.21052286,0.25365123,0.2030189,-0.325159649,-1.100695953,-0.061894614,-0.57519433,0.050240041,-0.90150877,0.007408208,-0.5557055,-0.65624307,-0.21170306,-0.298546728,-0.42030353,0.047074791,-0.789645162,-0.04266674,-0.63707222,0.39712215,-0.433199489,0.45448042,-0.5616498,0.03907338,-0.079378591,0.81918381,-1.73164826,0.837072168,-0.25870568,0.502216191,-0.15343066,0.006439423,0.56113736,-0.19267901,0.203310276,0.18881588,-0.243520963,0.404776974,-0.1096079,-0.223723992,-0.06785167,0.51182134,0.157567996,0.08668128,0.849624368,-0.171520974,0.24775041,-0.21447322,-0.10189098,-0.60006497,-0.42931743,0.27386448,-0.246184266,-0.84432212,-0.020918895,0.36314398,0.22623076,0.002470047,-0.64854001,0.68974854,0.43718298,0.409585533,-0.29076858,-0.255563899,0.34950381,0.41655774,-0.36653654,-0.6623023,0.05560107,0.477096354,0.18172526,-0.85970481,0.05096143,0.50560204,1.00725916,0.1245662,-0.042034796,0.01182604,0.59244425,0.05490534,-0.21591298,-0.30544041,0.48426804,0.84473542,0.1990509,-0.07335428,-0.045272109,0.09799857,-1.49739267,0.567439527,0.043989339,0.71022007,0.205500693,0.06922355,0.01566123,0.30265781,0.33235753,-0.219932205,-0.63152338,-0.80621698,-0.060739536,-0.3237066,-0.28807655,0.27794197,0.26397248,0.096918698,0.003884187,-0.39755424,-0.007372925,-0.74444064,-0.10517419,-0.43415256,-1.223902509,0.34993207,-0.51342673,-0.70433608,-0.8872244,-0.76921172,-0.7304461,0.27595117,0.36694307,-0.28707756,0.011672584,-0.5196657,0.19883766,-0.32882308,0.20188779,-0.171845314,-1.50474875,-0.34944441,-0.65482866,-0.38618702,-0.241517435,-0.8923968,-0.80477875,-0.6617585,0.21068985,0.3862475,0.25246972,-0.071964751,0.23818652,-0.268105964,-0.12420445,0.03586568,-0.79284844,0.78080639,0.591081828,-0.71037555,0.7383184,0.013987165,-0.142326728,0.21948553,-0.097450751,0.29303313
p18_4,pct18,0.78654492,0.20795794,-0.05111644,0.29371909,-0.11462039,0.21621733,0.03758296,-0.74418662,-0.55777181,-0.87929123,-0.59382781,-0.94746268,0.27448496,0.24850733,-0.54475129,1.64331567,0.924039884,-0.51922115,-0.20133768,-1.58203624,0.6643751,0.661354728,1.2701904,-0.688537866,-0.38178911,-0.3143237,-0.15248737,-0.277622184,0.22719417,-0.451061891,0.777332481,0.84030655,0.57008261,0.83057466,0.31512475,-0.51516552,0.43407077,0.88638204,0.507673661,1.251552393,-0.68500625,-0.023195779,0.08457772,0.61375749,-0.69783593,0.486429049,-0.531160105,-1.50114932,0.577423638,0.166561679,-0.16973863,0.08244841,1.23679566,-0.20899003,-0.27559866,-0.10448655,-0.41684395,-0.127696619,-1.26636457,-1.06106514,0.94030082,-0.106283828,0.445969853,-0.90218488,1.039400128,0.11779139,-0.64668083,0.41170093,1.05996185,-0.752219306,-0.6994149,0.22450231,0.97462818,-0.44519761,-0.35013363,0.45811549,-0.50214891,-0.09994324,0.29099339,0.67629821,-0.72501137,-0.908118724,0.82180824,0.38286508,0.67417286,0.293471185,0.31930467,-1.312413413,-2.13873267,-0.30927209,-0.20065081,-0.57462704,0.01949839,0.336449045,0.052795534,0.75407424,-1.00669947,-0.9631864,-0.121079563,-0.2469702,-0.77201093,-0.96656946,-0.393032101,-0.70438528,-0.23115987,-0.38075491,0.52835712,0.76354929,-0.36106016,-1.360151814,-1.075289629,-0.47104469,-1.753632632,-0.87756847,0.051358913,-0.615524452,-0.17852835,-0.19316727,-0.13226303,-0.337878197,-1.23E+00,-0.28110253,-0.17749359,-0.916963,-1.70511271,1.3115409,-0.732011769,-1.33459825,-1.15392293,0.63388714,-0.48596713,0.76264029,-0.75959989,-0.73265223,-2.001289027,0.19647805,-1.02404835,0.4188584,-0.54997075,-0.17776639,0.80216553,0.357234594,-0.594759295,-0.135313445,-0.46044375,-1.364183684,-0.19130606,-0.912344572,0.3083162,0.16007135,-0.44346972,-1.189905364,-0.94462503,-0.582728896,-0.728034553,1.21792604,-0.56988269,-0.61323983,0.555570604,-1.44808584,1.1161198,0.29750805,0.60760622,-3.31203673,-0.78429553,-1.899226346,-0.69086731,-0.441840377,-0.3699015,0.457361825,-0.80138307,0.53932184,0.202108533,-0.17218914,-0.719295165,-0.73325083,-0.81131982,-0.10956195,-0.35519881,0.70045501,0.721275853,0.61961591,-1.188979333,0.043567818,-0.54652232,0.02051783,0.46520024,-0.43390041,-0.25777323,-0.13829557,-1.469094146,-0.49795699,-0.464714156,0.5802741,0.5353798,-2.064771115,-0.10844855,-0.5542848,-0.43472193,-0.227447306,0.89508907,0.908011143,0.27903795,-0.66251767,0.58306776,1.0900545,-0.16189527,-0.345539611,0.2860745,-0.45395332,0.70514855,-0.07859825,0.33853364,0.24406608,0.544886719,0.56117191,-0.42542125,-0.57775206,0.58083155,0.61278326,-0.1228227,-0.61584982,-0.37116223,-1.00277863,-0.011085506,0.81623917,0.24507713,-0.648610151,1.016731281,-0.04862822,0.775246145,-0.9357478,0.72113364,-0.40249181,-0.52018548,-0.252907635,-0.50813519,0.33241084,-0.261173428,-0.507949,-0.51040216,-0.427260093,0.20887646,0.924125105,0.008288529,0.71233222,0.299631694,0.75226815,-0.55929497,-1.0596633,0.066589554,-0.60079388,0.66531489,0.53595399,0.57611978,-0.01389432,0.31465821,0.10189641,-0.24981651,0.63998791,-0.50154581,0.246047,0.04021933,0.23459017,0.87495086,0.484434418,-0.14229048,-0.88115157,-0.11951445,-1.107006206,-0.016481403,0.2159097,-0.05548067,0.2484895,-0.75724054,0.2049851,-0.32180846,-0.154208829,0.79931945,1.456739002,1.452032678,-1.21398553,-0.62387085,0.06009308,0.566801866,0.14011792,-1.05619548,-0.357463802,-0.045479995,-1.01147765,1.22143468,-0.69469267
