Sample,Group,glyoxylate,glycolate,pyruvate,lactate,x2_oxobutanoate,acetoacetate,glycerate,uracil,fumarate,Maleic_acid,x2_keto_isovalerate,Guanidoacetic_acid,succinate,Methylmalonic_acid,x3_S_methylthiopropionate,nicotinate,taurine,Pyroglutamic_acid,Citraconic_acid,x2_ketohaxanoic_acid,N_Acetyl_L_alanine,oxaloacetate,Hydroxyisocaproic_acid,malate,hypoxanthine,anthranilate,p_aminobenzoate,p_hydroxybenzoate,acetylphosphate,Carbamoyl_phosphate,a_ketoglutarate,Phenylpropiolic_acid,x2_oxo_4_methylthiobutanoate,x2_Hydroxy_2_methylbutanedioic_acid,x3_methylphenylacetic_acid,xanthine,Hydroxyphenylacetic_acid,x2_3_dihydroxybenzoic_acid,orotate,dihydroorotate,allantoin,Aminoadipic_acid,Indole_3_carboxylic_acid,phenylpyruvate,Atrolactic_acid,Phenyllactic_acid,quinolinate,phosphoenolpyruvate,Uric_acid,dihydroxy_acetone_phosphate,D_glyceraldehdye_3_phosphate,sn_glycerol_3_phosphate,shikimate,aconitate,allantoate,Ascorbic_acid,x2_Isopropylmalic_acid,N_carbamoyl_L_aspartate_nega,Pyrophosphate,glucono_lactone,myo_inositol,hydroxyphenylpyruvate,homocysteic_acid,x4_Pyridoxic_acid,x3_phosphoglycerate,Indoleacrylic_acid,Kynurenic_acid,citrate_isocitrate,isocitrate,citrate,x2_dehydro_D_gluconate,D_gluconate,D_erythrose_4_phosphate,Xanthurenic_acid,lipoate,D_glucarate,deoxyribose_phosphate,pantothenate,deoxyuridine,ribose_phosphate,thymidine,uridine,deoxyinosine,D_glucono_?_lactone_6_phosphate,hexose_phosphate,glucose_1_phosphate,glucose_6_phosphate,fructose_6_phosphate,1_3_diphopshateglycerate,2_3_Diphosphoglyceric_acid,S_ribosyl_L_homocysteine_nega,inosine,6_phospho_D_gluconate,xanthosine,D_sedoheptulose_1_7_phosphate,N_acetyl_glucosamine_1_phosphate,glutathione_nega,dUMP_nega,Geranyl_PP,O8P_O1P,dTMP_nega,cyclic_AMP,fructose_1_6_bisphosphate,trehalose_sucrose,Cellobiose,orotidine_5_phosphate,SBP,trans_trans_farnesyl_diphosphate,S_adenosyl_L_homocysteine_nega,dCDP_nega,x5_phosphoribosyl_1_pyrophosphate,OBP,dTDP_nega,CDP_nega,UDP_nega,trehalose_6_Phosphate,Thiamine_pyrophosphate,adenosine_5_phosphosulfate,ADP_nega,dGDP_nega,IDP_nega,GDP_nega,CDP_ethanolamine,FMN,cholesteryl_sulfate,dCTP_nega,dUTP_nega,dTTP_nega,CTP_nega,UTP_nega,CDP_choline,dATP_nega,Taurodeoxycholic_acid,ATP_nega,dGTP,GTP_nega,UDP_D_glucose,UDP_D_glucuronate,ADP_D_glucose,guanosine_5_diphosphate_3_diphosphate,UDP_N_acetyl_glucosamine,glutathione_disulfide_nega,NAD_nega,NADH_nega,dephospho_CoA_nega,NADP_nega,NADPH_nega,coenzyme_A_nega,acetyl_CoA_nega,propionyl_CoA_nega,butyryl_CoA,x3_hydroxybutyryl_CoA,x3_hydroxy_3_methylglutaryl_CoA_nega,x2_hydroxygluterate,x2_deoxyglucose_6_phosphate,x4_phosphopantothenate,dehydroascorbic_acid,x3_hydroxybuterate,Urea,ethanolamine,Imidazole,glycine,alanine,betaine_aldehyde,choline,x4_aminobutyrate,dimethylglycine,serine,cytosine,Creatinine,proline,indole,betaine,valine,threonine,homoserine,purine,cysteine,creatine,nicotinamide,Imidazoleacetic_acid,thymine,DL_Pipecolic_acid,N_Acetylputrescine,hydroxyproline,leucine_isoleucine,ornithine,asparagine,aspartate,adenine,Methylcysteine,homocysteine,methylnicotinamide,histidinol,lysine,glutamine,O_acetyl_L_serine,glutamate,methionine,guanine,histidine,x2_Aminooctanoic_acid,carnitine,Methionine_sulfoxide,phenylalanine,Pyridoxamine,pyridoxine,x1_Methyl_Histidine,arginine,citrulline,N_carbamoyl_L_aspartate,glucosamine,tyrosine,Phosphorylcholine,x3_phospho_serine,N6_Acetyl_L_lysine,Acetyllysine,N_acetyl_glutamine,N_acetyl_glutamate,Ng_NG_dimethyl_L_arginine,Acetylcarnitine_DL,tryptophan,Kynurenine,N_acetyl_glucosamine,Flavone,cystathionine,x5_methoxytryptophan,Cystine,cytidine,biotin,deoxyadenosine,Glycerophosphocholine,acadesine,D_glucosamine_6_phosphate,D_glucosamine_1_phosphate,thiamine,S_ribosyl_L_homocysteine_posi,deoxyguanosine,adenosine,x1_Methyladenosine,guanosine,L_arginino_succinate,S_methyl_5_thioadenosine,x7_methylguanosine,dCMP,glutathione,dTMP,CMP,UMP,dAMP,Nicotinamide_ribotide,aminoimidazole_carboxamide_ribonucleotide,thiamine_phosphate,dGMP,AMP,IMP,S_adenosyl_L_methioninamine,GMP,xanthosine_5_phosphate,riboflavin,S_adenosyl_L_homoCysteine_posi,S_adenosyl_L_methionine,folate,x7_8_dihydrofolate,x5_methyl_THF,glutathione_disulfide_posi,NAD_posi,NADH,dephospho_CoA_posi,NADP_posi,NADPH,coenzyme_A_posi,FAD,acetyl_CoA_posi,propionyl_CoA_posi,acetoacetyl_CoA_posi,malonyl_CoA_posi,succinyl_CoA_posi,sarcosine,putrescine,spermidine,N_acetyl_spermine,N_acetyl_spermidine,N1_Methyl_2_2_pyridone_3_5_carboximide,N1_Methyl_2_4_pyridone_3_5_carboximide,Nicotinamide_Riboside,Adenylosuccinate,cholesterol,arginosuccinic_acid,phosphocreatine,retinoic_acid,spermine,HMG_CoA_pos
p0_1,pct0,593734.5936,344862.0832,226729.616,62454348.49,359482.6771,288746.5153,1438773.392,1552380.267,22758720.78,21433667.36,22058039.62,1386362.605,11333632.49,12999989.98,42179.26651,51811.65204,241045496,1540105.174,1241987.122,143568.0703,3237357.563,225507.2058,190917.4425,89239164.62,21843622.26,345388.2135,396298.8573,253745.5098,1895461.176,37635571.18,5942802.96,11845523.45,639449.5973,400951.9465,52855.94721,26806490.16,100097.6605,150563.8326,NA,272793.5436,2696749.042,310318.7417,174430.6134,17709.44245,54123.17307,237285.5754,713261.7478,2266693.365,1608454.955,1900529.688,2509846.332,145905050.5,NA,165692.8584,177332.1074,108463.4097,125584.9407,183453.2999,893861.9494,478619.4212,18149112.22,373979.4113,384596.2414,246955.9693,4070025.235,131154.786,449367.3919,41421139.73,128265.1897,9220812.488,6839866.149,18919746.18,6163475.042,238839.4853,5086.778852,703318.5837,851965.2315,3999784.063,68959.90483,12955734.15,47472.56893,4923263.737,653664.1918,49984.63159,91858727.9,2858564.469,19694542.82,18055361.61,2727227.965,3657713.037,103895.1611,146599671.7,674087.3139,998214.5407,27456489.97,778804.4981,1450716.777,69898.82086,199384.7491,934002.3014,124631.7261,672447.8314,1757631.937,3142469.308,435693.7704,94334.85658,429088.184,49983.54632,3611929.357,83095.994,115125.6846,125802.43,13496.19334,311000.6329,16964969.91,335547.544,3542564.889,285775.0072,30835096.66,29668793.6,4202122.465,1055452.778,746965.9532,11346.27599,15061608.33,43998.49512,NA,42398.22159,683782.2941,19723294.95,667346.9753,18655.94671,435548.7398,38796693.79,38956239.03,1918373.076,46269410.4,7228048.891,15024.48577,80036.14174,8026065.591,70092655.45,27134371.18,1103202.307,3381.014218,2769397.319,24590.33684,226287.2717,6148.757781,7628.717868,6727.681728,17510.24076,20302.02112,8249183.248,13767944.9,61711.01521,1044866.111,4174211.14,12133203.1,61695.81554,40438.36531,39000.92438,14818658.23,846251.659,40192641.94,49961.21005,3429550.456,6531426.004,908130.8772,937647.2805,11980107.53,692162.9785,126405630.8,416645.6976,2038066.899,10270.47036,375839.0048,9241.84888,60477583.48,287969632.4,796467.5484,126634.9361,276990573.4,6503.687076,686621.5057,96443653.85,1160127.199,507129.2903,11835059.36,4181570.43,689187.6668,59718.78384,13160293.73,35655.3236,192649.1638,90647121.42,69916.03793,53849921.72,877761.8764,807263.2824,78610929.11,3794308.529,69639664.39,101767.3352,11675831.04,55014.3812,15866.86815,6378100.959,386603.6257,1904614.284,573225.7183,1306774.973,470900.3108,17878018.36,31375.87047,1605430.435,1604520.112,7745333.781,541185.5705,220562.5763,100331718,2867113.487,23048.73461,99519.98222,15229.86747,519774.357,49914.29616,23550.87566,2062177.711,151437.5101,307980.9441,88619758.85,NA,537334.8039,12644.74513,NA,115925.8177,38376.37561,190197.6244,26239.18583,230283.4453,233731.9478,317994.2167,49239.62487,26284.68199,91503.04191,14522.90197,3564703.048,4307561.848,68866.78762,469836.0523,39740.73478,1556681.768,11749.55397,89847038.59,24088714.41,12195.5439,3010763.312,NA,110698.9523,1923076.252,7692887.173,23809.08814,3442.879912,76374.46493,15906528.12,17031805.14,677573.0234,25437.26622,1029273.916,15248.2118,34587.73695,608846.2006,7120.938587,NA,150816.9226,6781.776084,24675.42141,10729518.48,27344.99023,79423.44213,5590.985755,4986.877949,1742291.09,5237.453756,22973.12576,99205.91302,3575919.853,206813.5261,149378.7278,8142.911804,30834.06284,5619.447844
p2_1,pct2,680222.4968,394380.5563,227203.3446,129056978,511405.5384,432777.6239,584730.6518,2720843.138,31438860.98,29493442.82,31344372.76,6123693.714,22739465.37,26061948.43,111163.9974,41549.57474,221000620.8,1786161.221,207764.6681,118278.4622,2254996.444,201591.7146,232996.7846,126804915,47503014.71,861050.5035,801465.4038,438604.849,1842694.769,44780369.54,4361744.896,8835859.568,102038.3507,734146.1977,20780.42005,58556735.41,125725.1166,155937.33,361969.9839,172870.5123,7781055.996,1740368.188,994360.4914,12394.9435,32790.55011,121147.1203,65815.63608,1790853.721,3181943.853,1267157.32,1458852.044,163953071.1,NA,400212.8561,352925.4449,63570120.57,89965579.69,354892.9313,2029811.387,832160.1276,24845895,472705.6841,310020.0844,226013.7467,2446544.276,155151.495,934398.5789,35502758.22,42264.84856,1376261.028,11022474.63,36243470.56,5686647.049,166215.1142,NA,522263.8904,984989.1522,10955764.93,158544.4449,9754316.715,17446.00977,9806636.901,1589755.717,33945.945,84389480.24,2717563.732,16042111.8,15210449.48,1913601.344,2615354.744,127797.167,208056845,687680.9237,2444513.358,26702087.77,753463.9199,3549952.409,124583.3709,165300.7521,1241258.14,256641.7094,1033762.642,1164354.677,2547591.943,380369.0453,21623.0704,289867.4076,20828.58201,3620708.016,65133.31671,151525.419,144408.2406,67424.21296,253281.6134,11153177.47,120951.9681,2357447.723,192380.9551,19890745.05,19661876.52,2905121.706,835071.4019,739966.9315,42312.48309,18046889.35,24598.63493,NA,61064.3712,625833.9768,14631673.57,500278.6982,13969.11224,426851.6631,21090044.75,21173305.83,2062838.076,36396243.07,4721183.91,16691.18518,114035.6344,8076245.275,91464947.26,21547456.38,934917.6585,18886.00235,2714659.375,28793.28951,224787.9152,6435.265115,NA,NA,6967.644864,25497.90381,12422847.54,7502320.544,75923.92296,2744874.932,8155392.318,15123631,145897.8012,28546.79741,54242.10954,21599078.3,1472367.158,15253842.42,120424.1249,1831807.313,7379759.129,1322574.189,1216767.178,22701494.36,871899.6101,183470581.3,747485.2007,3071628.917,39862.90878,481720.262,4896.595172,63560210.47,454543875.3,1050014.252,222578.0994,308895795.4,10515.3062,1073058.734,150889998.6,1306306.926,575038.001,10266821.4,5318186.139,2506036.935,102841.9947,19778492.57,43241.63432,323784.6456,85690829.81,149933.335,49026249.06,2515006.952,1206777.209,114631340.1,2309104.788,87430932.74,192398.7534,15511544.27,90698.1821,8432.531832,4955442.383,524246.6595,2583248.648,582407.6792,1078666.725,2548621.84,31189399.85,33069.34976,2664925.269,2442471.784,13951069,1402918.921,487555.0054,138374468.2,2747127.172,60317.38343,244941.2715,40294.83221,1529678.596,17063.79529,15193.35131,2420024.054,146812.798,403260.7501,151565818.4,24590.66278,643532.9157,5087.519921,8605.490406,165595.8906,55804.13219,285547.7317,9488.395409,363450.591,321169.0829,395369.2862,141681.6703,29421.41543,1079176.045,14856.03337,1819463.933,1769786.154,140508.9983,525680.6379,78572.62832,1663639.67,7623.345892,77329940.66,20587501.08,NA,2570618.4,6782.67471,441736.4143,1885983.145,2370144.275,29307.63823,NA,30245.42969,23246385.62,13937353.9,675946.7768,30750.71691,1586001.112,29627.38482,50003.38818,574872.0194,15140.87935,3390.839511,123800.5487,13569.0361,19495.69676,14028228.22,24744.36552,77459.74196,14553.44598,5617.249606,3971971.535,5923.524834,26449.80694,153471.7001,8371132.712,308004.3669,142799.4359,16247.5874,35741.53629,6781.619287
p6_1,pct6,567308.6312,189595.7677,128099.8384,78387671.39,297421.8794,221269.6506,390271.2148,628743.0629,23596492.44,22032090.64,23180681.67,2978065.08,3238227.11,3327766.788,95605.61716,43551.77879,216236494.8,1404350.828,269447.5474,80397.12353,3350187.402,199132.5658,229828.6858,91909468.06,2116390.015,57589.06067,35677.02858,709034.9405,1625928.85,32411413.4,3230682.538,5503475.44,215136.8049,782410.6652,19422.21495,9954691.184,85220.39166,213005.5211,261758.0206,319476.8013,14548370.75,690586.5163,400317.6544,8558.744668,15940.83217,257709.8761,120399.909,8116617.394,578487.9389,850035.1239,793978.8861,44857525.03,NA,364897.1511,457737.8588,50279919.19,74112798.82,402062.0075,1762654.383,435434.4043,20539019.52,487604.4756,171619.9216,160206.1679,9320113.483,144176.0568,586518.0145,68716008.89,47083.38133,NA,7610720.154,16308067.57,4216802.427,270223.32,NA,780964.0591,633085.9339,5816724.005,128029.595,21465668,35599.42096,863496.1357,182536.8312,68925.48653,55096587.46,2282715.29,8781733.022,9519693.516,6601923.348,10067360.92,137395.6415,67512239.58,713370.902,3744345.288,35687734.67,1470966.759,4162242.15,136287.401,251179.3692,915032.6878,99268.72329,962330.3582,1543694.055,3924262.733,559602.7198,NA,328682.1781,30187.67272,3481440.332,90700.82153,225323.2036,86373.34073,41581.10291,286688.9353,13067938.03,332390.2725,4638632.204,359904.1153,34725706.82,36437020.42,4946634.88,964233.1644,458166.5954,137720.3138,14310500.75,69710.39442,NA,45786.27984,1082430.565,18920327.32,272620.5868,9326.257287,486708.8646,53259038.76,53221543.01,4136981.796,71132463.75,9906899.837,38464.90567,58989.85339,16352039.15,183970195.5,40111232.41,825807.1621,31067.44471,5882205.334,57638.32428,394489.6003,17806.22762,10239.9003,10881.94628,21284.88547,13626.21075,6023212.597,6529802.343,95823.67632,4049803.203,4272811.876,15887753.26,82542.17828,38348.70792,35443.28526,23442914.23,901353.1507,89626226,108508.7241,8089751.261,4392473.386,1451226.922,1381117.531,20099199.59,779118.2486,125468732.3,489295.1064,3102755.822,23254.48766,560236.3592,5925.53535,74947004.71,434024084.8,799848.1021,145545.2714,189629269.1,25067.09043,706512.5869,98444672.46,1483832.848,469446.2324,9813177.441,5180216.333,2319879.401,175806.2943,2408993.637,28821.90875,340670.7497,51433986.62,107324.0774,39965178.08,4312804.323,1248471.883,141405601.2,2653505.679,65637239.38,39003.37125,18184407.46,129733.5492,NA,10117580.19,1173222.808,7541620.181,799397.5066,715460.4321,2710383.325,22556963.26,10177.48932,2970716.868,2163569.874,10482959.47,781174.1647,332252.6087,105993847.9,3997951.839,49791.27715,202298.95,17212.12678,3103266.707,5937.018182,27981.73646,521409.6964,193418.8807,380752.7991,125420859.8,16939.8553,228512.8943,9302.49312,9723.710306,101679.5767,30733.59746,215078.7514,7852.164633,96309.85495,1574646.065,82275.02047,43265.13479,22830.52555,5106285.067,8296.890511,2822464.559,1484920.504,425234.171,1185724.085,93025.4424,1954563.66,11796.03977,65835815.33,12329307.84,NA,1513632.533,8476.136543,352446.9004,1690457.404,7167621.704,13982.74855,3390.858483,32843.08795,58700014.17,32781994.69,428222.8511,68682.09043,2540453.989,30641.0202,99964.34356,823861.0295,NA,4240.331055,5932.324197,NA,13542.56348,15184386.88,87642.95359,106831.6593,16761.75631,4234.79034,738224.1273,4263.688783,40232.32582,151776.852,5971722.68,1612469.217,186234.7503,10218.08047,45816.20072,11872.14069
p10_1,pct10,508559.7089,204482.8125,294282.0854,136813125.2,220658.9212,213435.1778,506602.042,4501293.62,12288131.05,11963015.71,12112976.95,2254196.408,18853833.95,20983623.29,78739.57391,35712.24679,245381026.5,1911386.818,524659.9118,98776.68751,1594844.081,372620.2608,234656.2628,64542144.31,5916579.142,101279.4286,80903.62502,432435.7208,1719192.75,31550178.55,5363219.788,11706585.32,108677.7416,302664.609,22151.16849,23755725.81,181168.5052,222056.8634,43586.35162,156703.1382,8804537.167,706336.5778,366683.8784,4918.148801,61712.4469,151182.1548,57387.13109,9562821.781,2825471.581,1605877.783,1645521.966,138082724.9,NA,351795.9898,341545.7415,53669689.69,74158734.84,399291.8063,1010251.91,309328.1292,22815553.72,531214.7286,361285.6054,194218.184,13813874.82,122851.2083,370907.3372,28488686.69,40024.2411,3478706.317,6199225.389,9875951.647,4091447.028,195341.7458,8341.696523,656176.6513,439177.8832,8340737.128,119928.3886,26719792.3,28329.32807,1934407.489,359666.0857,113899.6784,59825641.26,2303073.704,8577919.009,8868485.14,5293605.64,6935368.333,71380.51596,129379301.8,807765.0223,4298115.63,33333890.72,1352018.83,4379348.227,221444.7872,206477.2809,954644.4276,91559.04435,976458.9577,4000255.719,3294082.986,539364.0321,NA,499227.1521,16382.34647,3465857.806,89440.31153,169098.9091,97572.55867,43906.27061,441274.3086,12326411.26,678104.4403,6343989.843,543512.5145,42486725.97,42959308.38,5852709.916,947042.4885,805488.9863,56769.87976,17230350.25,87467.18828,7561.886765,61041.6542,1189700.633,20331515.56,335079.9993,11568.36797,551444.6567,57988011.58,54878879.64,4218615.68,78584668.69,3921242.208,40817.8279,86915.08401,17233799.12,214540283.2,35685385.69,855243.8909,58187.9764,4558396.561,21165.44118,276434.8471,30524.85142,NA,NA,16033.93988,20344.19749,4066783.425,8040025.626,38795.07861,3753946.79,1867046.174,22399722.42,152323.2325,19466.9604,26194.51449,18596008.65,860257.4593,36533010.56,38187.40486,3475516.086,2222044.025,1439208.272,661629.054,22327331.27,1218807.221,70031014.41,707295.1115,3301290.886,13632.52872,607314.1617,22539.55075,37116319.14,456480637.2,1236740.058,202012.1219,222173156.4,16292.03154,502477.618,127972088.6,1257627.549,366331.776,4231372.673,5898402.612,2116047.346,153693.6599,7008456.909,41544.71327,381676.331,82820028.23,75644.48696,24892346.98,7275356.737,1328291.2,104694375,1544117.476,50229626.93,74596.34932,20239470.76,113457.3298,NA,12369209.34,1248217.681,2702976.549,353117.355,1471429.208,2267843.888,25869327.05,11798.61305,3277662.719,2862767.647,11820690.01,666869.685,335765.8569,101305736.4,5234137.186,69125.78023,332425.4491,29937.34105,1507059.533,6769.835987,32224.03591,1883234.831,200782.8061,706603.3358,147587771.2,13205.39082,387409.5134,4275.570286,20382.42229,67924.26514,21245.60153,229399.6531,3340.499686,288970.0566,326632.4656,152770.7308,94925.60574,44935.41714,5599501.311,NA,2910667.676,1941738.858,80737.80187,1130927.615,100179.7093,2033073.889,20819.89612,63291485.93,12879722.72,13025.96278,1151252.302,NA,336670.5637,2280724.722,5544721.556,7631.273836,5174.872807,26322.53124,63126182.49,27646522.52,609705.4851,121897.6022,2149306.298,19519.1664,62560.41627,444918.7453,NA,NA,12449.41028,5934.489228,7630.210195,11776051.17,48978.70898,80958.35387,15620.36121,5248.649546,1268085.38,NA,23846.95693,90728.3933,8031587.658,196459.284,98790.46148,20089.22525,40902.9871,20280.06363
p14_1,pct14,387032.5823,152651.6282,271451.3002,120179736,156661.5501,98363.67731,242176.0966,1312105.713,11875915.08,11685028.16,11588513.54,3099859.65,5551737.35,6345571.388,95807.25203,43584.55244,277542554.3,1386120.269,175050.3705,31703.54546,2488382.484,139010.411,216109.2541,62420440.96,2136554.543,73989.13178,36858.93902,353572.9551,1041678.016,30487085,6125912.138,10001312.26,169480.0041,269379.2161,33159.96623,4637018.849,197012.684,133734.9863,186318.0892,248305.9528,7894356.021,790714.7332,428048.6891,10269.89988,30323.51318,143975.8473,922273.2893,4962588.949,218251.4286,808295.7423,1115138.906,77689610.71,NA,384490.7353,568802.0171,53504978.66,78735514.65,650348.676,1109689.307,318080.0552,22557080.44,510214.0549,352856.2685,84906.96424,13223063.52,150067.0908,782174.4389,23362186.86,6083.783921,2296931.572,6253036.611,13261926.35,2912430.839,316734.8893,8498.118104,228981.8409,437524.0447,8983740.211,197152.174,6594064.437,32355.55875,1673644.653,25231.35802,72906.79844,57946989.93,2917038.377,7122426.74,8622092.577,1504821.294,1957914.223,22339.05412,90934275.4,418859.8048,487986.7732,17597691.4,1161787.143,10761825.17,186572.9151,104370.2675,637227.4002,73090.03216,1206146.175,1540115.997,4505887.322,801873.0444,28302.00368,232428.5151,11242.84435,3840355.752,44988.2826,72282.68749,66390.75829,27068.67819,148833.1076,6106189.479,478541.4483,5795008.94,283201.2006,24954211.29,26532456.87,3509457.652,475587.1722,937748.6332,13736.31217,14739053.14,33882.80707,NA,29677.65985,591548.2967,8692322.017,423349.721,5933.862741,671892.3997,29438598.09,29443416.67,1019129.544,55889580.19,2222246.048,25447.30211,56570.2917,14257773.61,225964967.4,29665746.69,486492.0129,24377.48966,2084825.558,16111.67211,90886.21406,12206.58154,NA,NA,5934.546358,5091.38338,3165614.852,9239149.932,38332.60637,3752805.203,2313938.683,39104819.15,89506.13056,16035.94126,51767.77367,28288861.11,812707.4444,86093430.81,44055.39283,10952664.74,2381193.547,2027562.822,987879.8736,21221533.76,1269699.433,95179768.69,977291.77,3615193.141,11334.73967,648665.5373,7391.043084,53877911.81,318172137,1271283.885,195043.3539,216736947.8,15941.88378,1004643.384,135569769.4,1609709.371,688690.7583,5270164.121,3317732.024,1858177.278,123675.6425,3762096.543,49178.48818,489250.3022,78257920.49,88601.68512,21774497.04,6738259.244,1359374.78,154989763.5,3095310.534,67044672.9,72030.75926,22044606.67,75458.40235,NA,12266477.27,3909602.502,4172978.291,192966.8815,1231583.013,2266299.87,45437807.51,31369.9437,3619868.365,2839079.365,19135937.37,799580.108,473662.9157,103771011.8,5938474.678,61314.81605,275362.1283,12664.24629,2584438.412,4623.305838,39851.06895,2096253.469,241610.5667,605205.1336,162411787.7,13573.64852,339555.1849,4240.309586,12768.28164,70415.87552,19328.01723,136210.2286,24485.10562,241589.8926,691859.3588,56970.40109,89882.3101,52375.69641,4489457.476,13005.04644,2575006.073,1177603.506,79448.45934,510909.1158,33023.71767,2527672.603,8189.885902,36598389.93,3987420.619,26113.85725,628132.4928,NA,284895.6289,1749348.357,2870329.485,12718.80761,NA,37860.12152,74481959.41,22181052.37,289134.4362,57191.19919,983984.649,17803.67806,23397.41194,304069.7492,NA,NA,NA,NA,NA,15697231.98,67326.69784,84278.4981,12771.37505,8337.63449,249144.2519,7631.296411,28313.15065,79703.51603,6967981.906,554376.0877,79149.48625,26835.46628,38173.07049,18656.97804
p18_1,pct18,414107.5478,82414.04678,234428.873,101631128.8,200333.6036,202103.3201,264984.4144,19682083.14,8157375.294,8224499.008,8613115.404,2054385.482,17895147.15,19875102.5,58373.62975,50842.17276,268882911.3,1923236.976,481372.8089,93677.00868,1719806.898,232095.3536,315153.1435,47081209.59,6160633.748,76810.82932,154064.0569,720297.223,1850478.573,26349654.84,5477780.301,10763637.82,224667.8134,278235.2291,20477.06053,24616196.98,113301.0844,201024.3435,65978.35445,231809.8435,8132463.738,581083.2455,320648.0409,9724.374726,18696.93951,145308.9392,58014.64218,9992331.069,3698593.381,877539.8481,1243582.038,107611450.7,NA,437862.6549,468427.7167,50557238.78,74458694.87,488839.4078,1490616.308,190954.2418,17019343.54,527859.833,461954.726,212912.4836,14156578.41,198189.3735,365700.6824,33282323.56,46450.0287,1234393.518,5276726.201,6913556.355,5255072.118,333224.9134,18843.90366,387443.6921,321515.5277,7362414.862,209747.0438,21692633.24,10008.24502,423551.2698,428019.0494,80526.65784,70565258.86,2269738.93,11820343.02,10953839.48,4682542.653,5975696.816,96771.17944,126666117.1,885240.3363,1943230.192,37046263.9,1172485.6,3470584.4,151268.262,179633.8621,746715.4715,73658.16734,712764.8435,3104418.653,2464787.756,354402.7818,NA,276575.3762,15151.49168,3457096.199,87306.24036,121366.9708,71311.86814,88160.20203,398716.1982,13964424.11,412945.3854,6398413.975,410390.0655,37965772.12,38890105.19,5684953.891,1506506.637,556029.219,48860.21687,14018715.21,47419.66256,NA,64357.34951,723482.6079,13375231.11,559347.4669,5086.753128,528004.2365,36499345.44,36152941.52,3632287.044,72265429.34,3432836.725,38947.85578,65545.1646,14932510.23,203972085.7,24612543.08,951667.2313,39884.12201,3734407.627,59348.71039,106220.7938,15379.01666,NA,NA,14413.33376,8535.800187,3547518.985,11360885.37,75146.20306,4453990.942,2625506.167,19751443.51,62545.39098,20343.28717,17084.77985,16255937.29,842446.7786,218919015.8,16929.03946,28280012.69,1976217.672,1440258.429,632776.5571,14101572.86,1243817.142,68878965.78,459272.2215,2178885.594,6551.468277,483991.5515,14303.61932,40616522.65,420584263.3,1226276.184,167407.025,240337829.5,14678.7621,636140.3479,93388553.72,804559.5351,383676.3632,3789126.282,4956711.159,1362980.434,61230.93133,6224494.825,28828.85553,187800.1687,77415453.23,47919.73756,23270725.54,5339147.068,1055538.769,121703562.6,983986.8155,48008102.5,65765.60472,15024850.79,55143.24837,NA,9222467.602,1559144.972,1879716.934,116245.7098,1707968.844,1895345.593,40345779.5,5934.581622,2429313.915,2212145.65,13335838.08,573166.4865,302339.2566,99832254.9,5217408.006,114550.5129,191346.7346,37324.3485,761390.0776,13597.03076,18653.69685,769925.4875,168324.3124,518139.6848,165644718.5,13419.5653,546846.4737,6780.554351,6651.659551,31440.16696,13563.06008,360736.177,NA,215953.2402,387462.8948,183888.5485,64440.05536,28673.49304,6228488.324,5945.060838,2365848.149,2266501.76,97692.16335,782337.095,86525.78972,2027899.646,8767.14938,81903028.05,18523804.38,NA,3491771.251,7616.033554,53550.0919,1489188.384,5167828.967,4229.830485,NA,20230.01855,63261242.73,12798634.66,692152.2672,58770.40027,1657900.997,34800.99632,73243.30596,202762.7362,NA,NA,17813.41789,NA,NA,9677260.586,55300.63174,89372.71058,4707.674283,3261.161244,1163461.809,6629.095817,25958.94934,12721.31976,9252993.806,308957.0149,50308.28366,15612.52487,60424.03725,19567.38037
p0_2,pct0,527107.3872,140577.5355,203834.8256,90078115.16,296732.0256,288071.2995,625706.2261,26819562.69,20064829.17,20355871.33,21111521.33,1261795.264,16083320.01,16938059.16,64986.61016,29690.08561,227931174.1,3135548.187,264921.3753,136239.3016,3401825.533,205244.9582,216675.036,82136252.84,27102455.73,349439.5857,377980.7241,345403.3344,2118644.044,32646986.48,6402646.554,12730420.59,229745.7899,260735.6214,15474.16982,43239198.53,37501.91859,238509.5685,50722.33126,266552.2853,4760149.357,309491.7867,193851.1198,8241.188967,19973.53955,150042.7983,60045.63347,7201810.916,2136403.126,2228382.078,2633931.227,144995644.7,NA,311102.0683,92570.29794,40658843.92,59827073.85,88995.12673,1408044.906,403266.9649,17694224.59,469080.3123,456658.2606,442146.6025,4732831.759,197814.2188,293955.5645,42225970.23,13010.67584,3170216.75,7574315.144,14964306.62,5324502.805,110534.7224,23013.70145,535368.5861,393957.9314,6142401.681,113852.1647,12051213.03,33857.32794,1078447.617,805352.2206,51949.69265,79327691.54,2361925.426,15314289.98,14105795.91,8907699.026,12787391.55,242174.1253,186025849.1,420836.8061,2237673.157,35447952.81,870567.0799,8136549.055,104827.7563,333683.849,1373696.965,114226.4262,448498.1863,3329573.176,2708227.684,372565.6089,NA,411790.0422,55962.97326,2072241.074,142458.2425,192329.7552,171567.5201,24345.69164,452994.1207,25819957.71,57111.07095,4462983.31,306750.5182,34961978.74,32455867.25,4313776.829,1680130.038,733246.807,61752.85672,11621863.06,43242.31088,NA,43387.43394,1141705.741,34848118.07,524988.8852,35609.80458,414208.3133,56012831.37,56594343.66,6248668.744,53377624.87,21209611.25,14040.09858,95782.53225,6280812.748,88136033.42,25516120.89,1249267.533,79429.70673,4294890.125,48333.98893,406771.9946,13254.72309,6784.237704,27928.43218,16951.45295,16110.7765,7668716.155,13931456.42,16460.04476,4464509.109,3178155.563,6593501.064,60776.15041,6623.042536,20349.0456,23309832.15,832729.808,44251065.91,55114.21104,3853375.617,4665714.675,1342617.896,1007833.676,12122809.57,564270.2501,97674175.52,286585.168,1393993.055,15884.03073,363298.1558,9258.599786,55280045.8,361789964.2,1277727.827,178286.49,273657875.3,16514.88796,698132.4083,68798619.86,1858092.358,533663.743,14251753.39,4107810.167,1043087.647,174680.0549,14919341.01,48350.01092,218310.4581,95401756.82,38469.57908,55906195.96,1089380.203,637058.5812,132013782.7,3706565.688,64448567.7,28665.57501,11171793.05,99571.88127,5834.312501,13870975.15,388455.6991,1488063.089,390241.874,1472245.797,1010765.651,13033950.86,20345.55508,2081707.513,2572837.869,8793192.275,355656.6627,241058.1439,105684967.1,2937796.047,18842.09318,121294.6173,49302.37881,711636.3643,17797.44489,28605.48826,225549.0174,162522.1877,311564.1853,83546357.22,5946.772132,286900.7841,NA,13847.39921,100414.446,71638.97344,327672.8715,NA,262823.0033,191632.5359,286817.8124,35905.51404,29735.53863,3899746.013,9247.531861,3061059.502,3189942.628,96964.97189,897316.951,77830.84904,1089162.838,6737.241776,75016580.26,34187613.35,9310.627869,2748484.85,6781.375245,434840.5082,811906.9178,8689423.845,27134.85442,7631.371339,28862.57998,19925628.14,16579208.48,833504.7366,76031.8798,1610318.247,38168.79901,107138.2577,390984.3135,42736.92446,6782.054485,191355.6283,9336.08979,28829.68132,13863660.09,87290.02111,74133.69227,17587.41685,14228.83773,2710665.644,NA,14604.66446,111863.5537,13975014.45,130905.7949,78705.15839,17023.86144,70530.62225,7083.848363
p2_2,pct2,713172.0707,276724.594,232796.6873,117495834,301341.5704,210944.3319,466219.4187,2580167.004,26308359.24,25691777.13,25078178.06,3449613.879,15723544.02,16644338.34,61881.31623,67278.08252,232970809.6,2332217.642,237648.8504,117915.7714,3141876.508,158256.2274,349623.7843,105099804.4,26318272.96,424283.9179,386797.8238,560173.1265,1749373.276,42260401.35,4671217.758,9152578.998,97959.33946,470185.9178,43250.45801,48261994.66,99925.67761,206654.4722,182221.2992,238023.0991,7592961.077,672722.6464,349443.6474,5087.698821,33814.62437,121888.772,93982.73951,3694653.173,1966864.238,1138715.358,1375066.269,181650776.2,NA,408466.2624,294623.4907,63071109.28,92607119.14,316640.5524,1025247.936,538399.5104,27516595.69,416026.8198,350645.8785,151199.7916,4457693.2,149155.4351,637823.5244,40026692.9,42562.65177,2874662.757,8306360.457,24192670.13,6023324.713,164714.9454,3344.437105,511263.1563,949787.5024,9127563.001,171279.051,10822271.75,34823.05111,3071515.07,1291357.797,66094.80245,82780155.96,2366373,16476245.9,13878907.94,3287210.663,4854249.645,95545.43429,192981626,618976.6451,2147168.821,25527174.15,856146.3601,1948182.463,138377.8182,216272.2697,1223820.669,123858.3642,901963.473,2667225.113,3352353.233,428196.1226,33256.76136,507097.5681,18054.32356,3655976.279,77934.26735,119533.6793,181382.5724,25433.82356,292016.3656,15190429.65,196099.8619,6241054.116,286768.5962,25289566.85,24938829.18,3348204.104,1064978.003,878082.9025,36585.12304,18840627.81,47439.13732,4967.629554,55920.51783,772296.4207,19510607.42,337124.56,13591.09917,399771.4469,43480949.68,43700719.73,3343250.77,38160371.92,5757254.786,30089.42935,95374.89326,8099734.567,97707342.63,30033335.54,913688.3491,48373.0845,2867335.905,34762.95862,257411.3017,3999.619537,NA,NA,14853.01091,19469.62157,10116427.65,8674242.449,80964.48545,4296575.673,3502962.448,13990605.85,114705.6289,34353.52192,47424.05376,26601017.8,961897.0443,37903087.85,70369.17736,4398977.319,7052288.692,1802222.337,1246965.595,16667154.31,933075.9605,130775262.4,501422.9291,2049642.547,27129.09332,489198.6011,5485.249478,65006850.95,478402565.4,1750540.887,167206.5078,274855464.2,13352.24475,858396.4285,111204678.1,968271.1097,513191.0357,16072864.74,4400253.381,1558173.146,75865.98971,14905236.06,34526.46473,297221.7261,86090601.09,95100.02789,58862536.2,2131586.624,1114049.299,159484326,2411102.686,57895959.58,39033.41944,15118193.13,184726.3147,NA,15972709.17,1003578.902,4038914.725,682574.5494,1790010.755,1757336.443,16538776.58,46635.98492,2775521.71,2117825.696,13934493.96,796214.7407,363093.9587,124575001.8,3391108.885,23825.0142,250410.3737,28906.46494,1310028.139,5999.024607,27135.05785,1530530.998,248340.5545,507374.2304,125828743,19520.33911,406751.4461,11071.93602,19824.78875,166697.7777,116077.8432,178825.4205,11742.61461,263646.5178,551212.8408,109219.1488,69979.10703,50188.10442,1959766.74,14495.93027,2725819.469,1428990.44,121262.525,724945.6052,65304.24942,1867653.45,10861.52214,61265634.53,18286264.23,NA,1522884.777,9327.924187,417189.1057,2051940.757,5981482.86,16190.9467,NA,34294.5285,23966990.35,21239268.87,502253.1696,105298.7394,1400971.747,18652.40253,74731.66117,484874.9978,6105.037579,7631.239391,90740.15385,8480.730298,16115.90566,16827368.94,50751.24169,80809.84778,14064.02567,22935.78434,2969145.03,NA,27044.18503,99204.93769,8637829.199,384511.2356,108166.9436,31095.87697,52124.88147,7596.431423
p6_2,pct6,512257.2941,361498.6393,79602.77899,47812612.49,279377.5116,290197.5518,1186693.464,296517.8231,23653293.05,23121695.17,23638566.18,5140475.564,2372063.876,2745337.901,134746.9014,38233.84148,231697254.1,2074248.276,867059.5185,152070.3686,1977454.98,189516.348,213237.1756,93519516.4,603170.7842,9717.514528,11854.58399,275944.7866,671224.0971,42539809.98,3837987.043,7306245.132,94889.93715,299546.7039,21721.7384,1408832.621,78345.46984,281922.4051,352919.9676,364337.7397,7480472.224,1310103.558,754068.1798,10114.2416,15077.54654,223073.5194,92751.43874,11021558.75,234385.3363,336792.0815,345927.8502,44544620.76,NA,294985.0171,393350.6544,56787379.58,84270815.13,349474.4065,1230620.429,564623.4649,26934945.2,313156.5346,322045.5638,113208.5842,16651495.04,179010.6595,1163118.028,67743933.6,19356.29284,2315532.748,9004692.272,22248685.58,1732765.256,328776.8792,8477.955951,728725.432,697655.5662,6500090.016,159213.8723,3600427.524,58599.47335,500948.8478,93675.89758,87962.2564,31204759.51,1222916.15,4217790.92,3854515.636,10500353.27,16348706.91,91653.99474,54557093.75,601344.9832,345515.9566,10494745.51,1278537.936,8060046.5,121182.8341,364593.1896,737421.0157,205995.3004,954710.3713,738229.7096,2849888.57,380642.9082,10402.1115,177027.6075,48332.40003,2042778.225,80011.86594,126253.7221,52506.2217,8217.475703,265431.5609,9924227.333,277929.8817,10062914.21,368765.0077,33474874.17,31187660.54,4318660.562,1137446.459,534672.5937,51673.2778,20566828.44,57657.25539,6399.007917,73741.64769,1064500.51,16900195.14,262819.9902,13565.16097,458849.295,62262379.28,61016760.74,3623699.38,64257768.46,8469207.388,34727.66386,95630.87203,22254349.33,168140418.7,39210162.71,700050.2186,15472.0891,4718848.737,51432.66381,265014.3561,20363.48178,4273.771467,5145.407938,28821.9191,21842.74275,9148163.217,7336920.539,118499.7068,2846129.739,7247924.942,17614920.11,108933.8908,44649.73097,50042.12335,18179318.26,792113.8178,99099084.33,61968.57408,9849812.619,4606124.868,1723878.409,1157395.942,15336342.39,975302.0164,118390327.1,542929.1119,3641101.112,13276.24147,471560.4766,18235.15917,60889359.56,402409119.1,1259427.945,219601.1315,275139389.6,6018.088222,815500.8612,103360098.2,1278704.363,491199.4576,18445364.25,5015832.442,1841840.216,101019.1663,1759749.14,52590.09656,453017.6784,64887200.73,83008.28593,70267643.59,4486605.704,1083580.845,146998909.4,3415556.109,69003257.2,66431.73266,13103847.52,193296.5082,4240.447564,16050160.25,1408832.686,9605226.747,1014563.606,686285.7165,1700014.649,30594712.04,21213.21574,4527092.675,4088466.354,15451283.86,1563896.574,616356.226,143224625.3,3808656.9,44054.36915,178013.9596,15515.73542,1431835.838,8479.097837,13569.95848,1120967.948,345941.1975,262681.695,162150842.1,4999.49521,145528.4142,3390.91582,18429.43512,104142.9183,19490.68587,161387.0612,12718.42379,113561.9444,1403680.509,62473.21111,25963.2328,45806.42613,1933156.026,4098.686125,3547426.314,829516.788,283781.0927,1041058.032,52607.13145,2144626.208,7542.889003,54737389.75,7179486.227,NA,731142.5324,NA,186406.8395,1669179.422,5764757.317,17880.02777,16996.21386,35608.04915,51911981.61,31768165.05,523231.7462,26194.40221,2327679.285,25436.57898,32498.23065,904463.5628,4069.620634,NA,NA,NA,11870.11874,11658479.58,64391.08007,66591.44884,NA,14312.76369,93744.37671,NA,24310.92509,220425.7145,10465889.19,1270098.114,209086.4909,20212.60237,47681.45353,11469.28386
p10_2,pct10,442358.8752,103362.7788,224390.385,136121355,212466.1061,198054.4509,104674.9298,853268.8128,10048084.23,10133866.6,10039960.56,2533529.774,34888308.69,41203334.09,102609.9012,35365.98963,259881705.1,1574438.587,262500.9394,88869.78367,1792555.216,356890.5161,350212.4741,58174326.17,20115962.72,336392.2154,346918.3732,451776.3975,2096150.945,37107860.38,4408315.133,8234593.616,147297.4277,286740.9382,70084.24959,60564322.3,80954.97549,232459.9299,NA,290629.0322,9062951.882,769580.3367,451931.7498,11432.532,16543.97566,150271.3489,22827.44317,4720303.805,8545499.504,571958.3618,826506.3984,140402650,NA,318140.8081,504807.0647,66799026.34,98600356.75,431932.3,1717292.095,357249.4949,22839822.52,586736.5337,146819.7138,81804.8251,7967295.878,209485.1539,525098.0043,31292973.04,27529.54975,1876041.644,5656963.888,13180782.61,6171949.313,320113.1971,11878.44469,386187.1611,375417.1695,11392180.28,65179.86699,33897861.21,10967.49957,3791790.97,558500.0154,61535.65247,84915850.04,3838393.172,14262884.8,13911004.95,2594547.521,3694870.288,141557.6502,194697304.5,656292.926,5676570.8,42638004.86,1253556.332,11428771.63,138406.1265,207955.411,993547.1099,110397.495,1195126.639,2597948.885,2730469.993,338367.0795,NA,322927.4968,17480.12167,5129058.991,102597.5972,187208.2483,90453.2627,36250.21056,402756.7142,18810742.79,956351.8399,11251692.33,453196.5114,39639514.46,38243308.89,5400533.866,1360078.685,803884.5715,28013.64071,39506032.3,46635.3973,NA,30486.05696,519626.3173,12126038.27,661356.4363,8492.096081,487700.5678,31849636.27,31426222.03,2265974.056,69439006.42,2822551.21,41246.82647,83325.98754,11855764.88,210749713.1,37821170.74,680804.2143,295114.2003,4580106.403,14298.84347,243993.7067,19333.09269,6781.614773,3386.303068,9208.721472,21338.95185,4352229.309,9683573.742,62723.18323,2928401.557,2740313.972,20672247.33,182015.0811,12046.58384,47468.21025,19037359.21,656203.1896,116374385.3,37321.80122,12697268.52,2056207.35,1617779.216,783115.4085,13297613.26,960268.3504,72819959.8,505411.522,2592731.571,9186.024463,554961.6977,15877.35398,47928819.46,403613120.4,1901845.899,175153.28,225048766.5,7640.492821,683783.9734,78288379.51,1345176.751,407892.5106,5849170.538,5461550.489,1820543.133,77607.65894,13070389.88,39859.5291,361737.7464,71228210.96,71227.72315,29615387.07,2980431.113,1279081.918,141063867.7,1416921.83,51266480.76,8484.449548,14962543.96,73780.24125,NA,12610978.57,1311636.7,1978019.683,195808.0286,1394981.632,1805681.826,40694171.65,27135.23222,1999421.013,1790379.516,15192516.24,787426.0763,355051.7277,104027370.5,4786654.489,44307.62609,276940.6477,36418.79433,1239677.901,NA,18657.77784,1510765.917,213590.6195,200392.2327,181161967.5,21203.08869,453039.3455,8528.073049,7657.264069,38399.47904,37275.62702,123900.0337,11728.99567,251832.8398,386117.3816,101299.7206,86254.31792,46379.21189,15787444.61,9358.051797,3130218.073,3153408.115,88045.61579,595828.8796,121477.9254,1602549.664,10817.28093,67783854.2,27009209.27,15148.6837,2308187.211,8474.481848,531609.4502,2507571.035,8031471.835,4240.440694,10995.05913,32377.49717,60927617.15,21792244.91,453684.1568,422822.4667,1916099.377,8483.806906,90911.31394,419977.8116,NA,NA,5088.277941,NA,NA,12636355.99,57405.17947,73294.63232,5970.817657,17658.15284,2880053.267,NA,30600.14463,66979.003,9542657.506,319280.8681,33182.32436,32053.79338,53525.26414,10177.71387
p14_2,pct14,402806.043,114471.0632,282423.8753,137471648.9,206411.7166,127334.786,84184.44638,23853930.08,3970169.85,3854101.883,3855401.409,1559978.959,23344131.58,27103079.18,71238.26272,21804.58184,251916309.7,923689.0945,300958.3202,32319.1959,3188926.544,230160.4907,438549.9579,23758151.42,17944351.09,249625.7826,242704.9792,466872.767,1874109.311,25574133.6,3783622.868,8229201.645,112899.395,136636.2935,31423.17217,60107558.06,112289.6945,414651.3031,NA,249704.289,9362819.13,474777.9751,299474.9537,5400.478017,15161.35565,140441.9232,68046.9681,2857007.119,4531938.737,687228.9186,503726.1694,144690468.4,NA,411303.8606,386642.2748,55176786.34,75896650.84,388780.9175,1342038.95,254219.8641,15939060.73,703389.6868,240683.6625,48592.00051,4374587.419,188890.1806,375733.2561,17548863.85,18227.28779,1752992.38,4091755.679,12215443.56,6070861.697,190876.6287,12701.22699,210130.972,280576.394,5355227.252,122708.8819,31385856.05,8445.996368,1943357.936,706458.4379,68802.70824,90164754.09,2778960.165,15199767.26,15926633.41,3000582.371,4670569.012,47045.89341,196356714,397631.9279,6820034.289,46340151.46,1087495.155,12121385.85,160256.4476,214655.2755,1170336.979,97771.15086,505585.0728,9566698.185,3197689.804,485404.4521,19139.88491,303440.4386,33186.92843,5626524.037,74602.58895,161392.7246,95937.74438,49639.75983,317013.1788,19300825.71,624294.2281,7227744.55,370678.8665,33820021.56,35569938.74,4978510.981,1086198.936,634391.5209,16921.71629,6688009.316,28790.28252,7257.277453,29675.31214,650327.2398,11014619.74,786684.4158,10174.12231,574730.7059,32100153.66,30978121.4,1688398.669,53861074.64,723870.6709,13478.38614,51323.00382,13780169.08,186650903.5,27694383.29,711005.0082,215969.8006,3574033.207,40702.31241,147055.9904,4130.898764,4237.929767,NA,NA,33071.80933,2232590.033,8676226.114,37350.82156,4987697.525,2321517.253,20366725.56,84048.89652,35280.55282,30541.49968,18994617.15,509696.3253,183699575.7,42399.33923,20406273.16,1622976.799,1293678.893,633799.9601,15996134.77,827520.4846,57933135.26,397890.9363,2156221.59,NA,458622.0429,21328.36508,45069542.34,357058984.5,2128310.913,185287.2503,199302468,28298.10654,614543.3333,78477674.4,1896566.634,631569.0105,1939408.162,4763674.129,1650244.99,58961.84626,13867415.09,31336.82638,205782.4033,65901986.55,54344.30583,16389208.23,2315851.54,1032100.593,111232376.3,4546449.806,51934474.22,20352.50464,16070061.96,87477.40924,8295.740112,13776025.42,1711004.405,2400613.4,130521.5758,1721934.526,1760396.885,28879094.68,16112.10805,1598429.047,1756805.857,10816875.73,444851.1738,293984.0961,94267988.7,4548630.524,48313.04302,143457.5901,22259.45519,1290524.088,14978.94299,21197.67557,530888.5645,230021.1488,622293.6859,174199134,24210.60059,454891.983,4289.781467,25294.45178,58663.00868,12616.07352,285506.8927,NA,217024.1638,269475.2128,68582.75185,86499.66921,34756.47898,14472106.12,NA,2778724.005,2599251.985,71817.57762,747449.582,101514.3565,1736523.711,17030.11634,79159047.76,24447749.27,8704.230132,2826756.315,NA,511901.1837,2625539.973,7679384.968,6784.202011,NA,11840.89101,57557234.89,19380754.04,438741.8005,324750.7238,1877190.679,7475.053199,54891.76834,269187.352,8648.804506,3393.357262,21971.54127,NA,9325.528497,11739314.04,102937.1301,137386.1862,14870.204,6425.600351,3130177.419,NA,30978.58556,59350.44697,12756081.85,280065.9477,26278.56385,10778.13093,67057.02185,20290.73642
p18_2,pct18,470011.1642,58175.84286,206614.6156,110921563.1,141268.7324,152040.9535,100127.8819,979855.421,5185652.408,5323516.84,4915868.006,1334856.308,17235879.16,19645164.65,35606.98658,15432.95902,324611485.1,1206711.831,213110.0736,40460.83081,2822911.05,243617.0813,266780.4285,29717151.9,6561836.918,82710.14473,91395.70015,210971.0461,1233873.853,26236013.06,6627974.507,13157824.62,72554.5278,162491.1134,34957.1674,25047405.43,51972.3095,327466.0583,NA,420982.3351,6520889.229,359405.1178,233484.8279,17571.30974,25304.8642,158612.9199,47748.8181,1935183.303,5168344.436,498057.9355,781715.7633,112992667.2,NA,328352.4403,405911.4381,45599307.1,71556431.56,326762.5346,550846.603,135035.7288,13447151.56,611432.3534,163683.8062,104655.8199,5861167.322,244475.189,257737.2982,17504404.63,23515.05966,1240623.814,3395156.302,6408558.624,4070519.044,365208.2506,17857.8082,140806.0786,238217.717,4354932.482,115321.1909,19212533.41,6062.041808,1345661.047,208546.3827,92924.33831,70246848.96,2841986.667,10216436.95,10999827,913994.2533,1081155.683,12753.27679,120263983.4,611256.5309,2445933.723,38075305.53,741286.5369,22314932.72,58507.34803,128580.2845,683517.1734,78852.99053,595015.5091,4515472.067,2519170.458,385738.6749,NA,178995.4421,46359.51794,4566947.86,30527.90274,50467.84401,46162.81723,20063.77095,245849.263,8878033.472,443202.114,5327251.008,208716.763,20077036.68,20862834.73,2449264.767,491216.5278,301167.9729,13568.55566,7239885.407,18653.12141,7592.611093,39820.07561,426773.933,7089258.533,286126.3226,6784.422138,550420.7127,21960967.39,22494640.59,631805.6136,52953710.93,692765.0841,33912.75922,40701.13163,10770530.29,223559086.8,22287325.03,387335.3522,73266.61568,2008142.117,16956.98487,57752.3592,5607.960889,NA,NA,5045.852029,16966.11643,2868530.275,8212695.87,31541.01986,4292444.647,1640749.846,11520225.19,87737.87519,25324.43818,30913.2395,15689893.57,641176.9384,285517859.6,23864.57153,29932474.3,1838494.977,1165243.977,591273.8477,13352145.7,834553.6246,69921259.53,474924.8072,2488293.245,11770.8781,355113.3711,16935.5474,35910726.01,293016135.6,1921068.081,203350.3921,242501209.3,12411.82085,613556.0774,70486905.41,1005673.197,456873.6602,3077076.079,2662866.396,1319346.669,61615.23345,6105070.531,15183.72386,154145.0741,88702387.43,29906.20389,21317010.05,2781716.711,692333.4238,103968464.6,910467.8114,50346474.85,31719.62482,13720638.68,40927.67767,NA,11034403.29,1310849.314,3262607.891,91043.19674,2062146.065,1401061.28,36490221.96,NA,1993988.178,1995621.515,9447438.462,406860.6451,275387.7494,87930681.33,4069100.513,33024.00815,127333.5932,23023.86116,962158.1994,15606.47029,16112.83063,1024249.676,334090.5151,274458.2301,165617066.2,8158.852059,458916.1792,4237.865008,19473.71344,36282.77319,26263.75965,96030.21955,NA,91217.44128,290736.1285,126620.0104,55008.75546,41250.86035,13902964.88,22779.74484,1593091.594,1168944.804,44039.51123,356423.8952,46799.18367,1773847.097,8512.102225,49327093.29,14926694.47,5991.043374,929483.6893,NA,259469.2502,1930926.153,5034703.495,NA,NA,7641.157254,74205551.74,14835500.04,245931.6517,176253.3738,847335.669,9316.506725,48945.70065,209569.0068,NA,NA,NA,NA,NA,11072379.84,80508.97751,107710.1729,16277.88391,22842.29038,1202580.844,5888.016391,26677.85736,33053.01177,5766975.903,306050.6194,67849.87345,44919.37185,73926.11569,15869.57422
p0_3,pct0,688426.9396,407156.8625,115420.9407,73217058.84,431489.7072,374330.359,1639505.327,2670734.151,32927350.84,31091428.01,31695149.47,3404995.664,13417438.76,15241236.47,90755.0627,28747.6859,240815416.9,3553667.806,230328.5234,131347.6004,2252521.525,276711.5275,208464.6957,116665962.5,25876011.59,409805.7676,392671.7986,409668.1719,1733565.072,41922346.31,6822375.033,14663966.53,158949.1968,346554.8688,27206.78218,43758799.14,30402.11678,413459.9936,NA,439519.5835,5002291.833,1024698.074,480529.0688,12654.3383,21499.7675,216101.6891,26220.86342,3982999.093,1909521.143,1281528.439,1557914.594,123631583.7,NA,148432.8112,174847.0958,37997961.47,57248639.13,207738.4354,1397934.767,614545.9293,27643102.8,364891.0985,391924.0659,176037.1702,5168331.699,104537.612,1034636.468,65914690.87,15455.77353,1786436.937,9425087.351,23654396.92,6524375.109,173946.8176,NA,540052.5916,669763.2271,7423520.532,74775.12565,11552837.81,96441.45919,3872459.864,1290648.064,44542.66724,90804572.57,2430644.112,19133193,17691064.37,3929316.531,6142224.335,180618.0461,179153975,660875.0125,1169671.004,25757786.84,805136.3443,2170471.271,99877.03888,169371.056,845555.9985,192202.7712,792195.8613,2025306.233,3450478.397,405010.3735,49871.28423,293565.1397,21686.48609,3986656.312,72923.90003,176355.0954,168939.4227,52926.26025,372327.5309,14681692.86,85351.85497,6315123.097,325371.3498,28159510.45,27992304.19,3623040.872,1184502.645,669422.4946,15257.70146,9268653.157,35882.25106,NA,30522.41765,550528.6454,13451242.31,371322.5529,14412.0826,376017.871,30938034.38,27972058.2,2374690.647,44929694.05,8797174.67,45145.23845,73819.32473,8732893.292,90054911.28,20230105.42,945133.6111,39849.09354,2210948.618,31370.20836,127498.9395,34026.07511,4229.618971,3389.517524,15182.8067,28828.12638,12731749.47,14294451.4,94940.952,1761034.578,5894151.309,15242941.44,143193.019,49141.86884,37278.76827,19732009.84,1436971.905,61330187.33,107681.2781,4451649.685,8098887.346,2258281.622,1321640.848,13705969.16,779619.2976,178753625.4,422893.947,2063012.548,12837.87091,585480.0247,13907.32758,74342722.68,481621862,1111448.096,181966.1554,312420537,14380.54113,1073523.496,110805067.9,2428035.534,649883.3358,13970645.68,6563145.75,1361348.03,73365.18173,14984762.26,27854.02172,291344.5508,114393645,83955.69123,76048145.23,1751856.676,1425215.158,160813011,3360699.423,69539571.48,82880.95654,17252854.04,150046.6352,NA,16170350.3,518637.2509,2484536.237,834734.2906,1344869.698,1124388.201,17365972.29,60921.78097,3012538.276,2287285.708,10470907.18,919988.2573,459429.8051,116695518,2329086.671,40781.9259,231390.5526,45444.28507,1124358.123,5886.822163,22028.61969,2300063.016,455508.7794,480935.4165,120795033.4,8680.625747,385875.0897,4116.284234,5750.224989,193899.2533,318000.2732,240164.3805,18143.57022,497609.0261,347124.435,458808.063,63300.07055,32224.33899,120958.0135,8489.55393,2705180.081,3597805.558,91464.74788,628327.6494,27953.67302,2409797.564,21625.43716,103660523.1,18649347.3,NA,3595782.338,5087.50351,317580.0025,2256285.96,13330072.25,50030.71794,NA,24567.18453,16358393.56,16400603.87,615447.4653,42801.35649,871703.7494,22033.18453,19191.74815,448183.6082,7122.544384,5126.067858,71226.0531,7631.170889,16959.28528,13159346.62,73131.30173,52126.72477,9193.361431,31842.26053,2641974.341,9333.526068,21992.64561,160255.3831,6392073.889,159930.4974,219845.1066,20252.13604,48553.89866,7631.242815
p2_3,pct2,507063.1248,376755.7075,153728.9748,92037400.59,393439.3342,380184.9912,1015315.796,1690835.636,27895883.56,26134607.45,24406681.17,4398777.412,17658762.53,19775102.92,60501.30372,56149.29054,198664765,1926500.878,469785.6224,150217.5418,3271155.653,282007.8004,214917.2031,100931010.1,38587792.04,639431.7828,666047.9677,409783.0104,1856570.074,48182492.05,3953299.177,7985026.803,170031.9445,183522.7385,34231.74001,64720479.45,47413.29593,251491.486,NA,338566.4723,5060506.342,1228708.517,685018.8817,15015.02125,32946.30396,201800.1281,829927.4664,3510004.814,3600097.762,1069612.798,1062652.055,176336501.7,NA,258196.5685,304230.388,56012786.83,83087890.13,297668.2955,1462574.884,783773.9674,28234091.27,444846.697,327027.7762,212595.2941,4808975.28,142816.1027,927403.4676,42527290.02,26206.85142,2867885.707,9355195.384,28798600.35,4188568.93,195010.0221,11858.20218,675802.663,728092.3991,8781028.182,93840.71231,13680080.31,48373.53772,4374712.701,637025.4719,52480.19107,64582419.98,2237942.266,11624106.2,11083215.12,3680779.532,5340556.862,170350.9351,194719506.4,933471.1384,2531273.846,24152349.4,889266.9814,3547286.878,141697.013,147633.427,1202873.767,233131.3061,910110.6965,1072989.011,3542473.431,557917.8882,55899.25482,312533.7751,56528.23098,5244668.105,65378.80124,200374.7538,125383.7289,54022.93891,339699.3655,19931933.99,182243.3176,6411917.688,230190.9527,27119640.23,27445800.47,3484904.173,1200651.532,794597.3813,20191.32505,12186810.03,33573.82828,NA,42398.4527,489148.3441,12403590.1,503050.287,10021.57453,223405.1959,24595060.48,25424295.64,1864902.092,45512480.88,5210020.555,29868.69034,57713.88783,10072292.58,110951407.6,30918466.01,992595.27,4211.078117,3776688.267,16109.5434,186188.8386,3251.862893,NA,5154.109549,NA,48343.79929,9412261.749,10764435.16,145030.717,2755351.608,6863239.692,9583803.419,174360.9751,77170.57927,58508.73541,19072083.88,1089301.498,112154488.3,120401.9879,12450431.8,8302104.393,1836149.072,1215904.327,15102584.75,628994.2603,149750092,482487.7998,2905552.09,26000.38579,497284.1518,11918.30605,67639821.39,436753970.8,931519.5978,156124.2129,256983798.8,9622.677096,849792.9652,100688081.9,2048231.194,625884.4384,13408067.26,5731642.412,1401251.476,197891.1315,17683514.48,51827.32864,303275.7186,76422489.24,101486.6595,67957701.63,2185959.823,1239123.474,148927567.7,4073072.817,75347654.4,108553.2893,14638525.96,175572.0729,NA,20346290.96,863167.865,3278283.395,789434.801,1424444.936,1363663.361,27661970.1,33068.67123,2389370.715,1878606.45,10627530.18,1250476.769,298621.6177,117227747.1,2866165.015,43269.1959,160601.1177,16906.13086,752144.7447,44922.01622,21200.32175,1594811.6,241116.2186,197661.3046,146343774.3,16915.74337,257589.1617,4883.674763,16661.5406,165869.1341,35618.11775,139896.2202,NA,315191.1583,455650.0112,150557.031,64488.84877,50054.26502,251887.5785,15244.25018,2384667.248,4360032.409,142598.7627,686973.768,92496.53729,1886660.09,20375.21498,106635407,34841292.92,NA,4921168.953,NA,281397.6804,2764296.944,11853379.34,48289.99121,NA,49468.87057,29746734.11,23087186.32,829263.3589,55088.28319,1855807.692,16111.28514,15791.62507,1185243.764,26962.68089,4240.45814,102476.9113,8478.339298,36458.29635,11540489.55,50061.27454,73203.03275,17999.49785,22459.63798,3657890.126,4238.401613,29932.4691,178902.5859,15493893.81,390006.6374,147561.3778,26446.56025,55608.09958,8480.912631
p6_3,pct6,566603.1872,306547.6878,240634.2406,123627490.4,340338.1039,353748.4596,572100.6404,2709785.561,17541899.61,16784207.82,16946695.63,4523017.694,34293845.87,35841335.58,149204.7083,44279.37281,223959676.7,2057104.905,308801.7257,108326.3921,3419776.08,455651.5012,272422.0574,78499605.21,36029719.13,572647.4901,612849.209,859188.9161,1862514.047,38229758.52,3705450.732,7199235.128,128132.5686,390318.5893,37224.01138,86865048.9,109304.3267,210612.0132,479733.5655,292703.1296,7834088.508,1388100.114,681895.6619,17487.39264,23648.85199,200146.4047,57604.50289,5909933.682,10836241.69,608718.0909,828222.1833,152185479.6,NA,184828.4472,444536.1303,80686675.5,112823764.7,440046.0871,2658306.117,574901.3433,27879025.51,544720.3621,340808.4942,174371.8056,8156281.81,130552.5834,1057962.343,36831066.41,70458.87621,4195045.965,10550831.9,24431228.49,3714293.992,251080.5677,12727.51519,980749.6399,496150.7883,8097706.101,45387.41555,29558303.58,38125.34086,7760164.771,613387.1019,67899.57901,44292938.52,1813779.959,7064198.414,7680055.131,5167761.151,8154573.076,321827.8929,215226287.6,915514.824,8134328.313,30088726.12,1591786.088,4393704.769,254226.0778,219387.7754,732453.077,205938.2854,1291117.9,1550150.643,5060691.248,942549.4672,NA,366324.6435,8638.362566,4669948.095,88903.61662,237307.8966,95092.95442,49898.86726,386215.507,23002225.67,718921.2468,4566104.717,526032.7312,40925882.01,42879619.41,6625962.99,1525439.944,792265.1563,47486.3135,19768792.03,27148.01854,NA,16001.30879,356244.2363,10769019.03,914816.1513,NA,497972.8435,24429446.22,25816860.71,2121629.97,73880622.3,2761948.613,73013.22568,64781.93459,12903317.05,201214573.3,34103190.74,952610.879,99682.48868,6930038.748,43080.52641,273832.8784,3469.15755,NA,9867.07042,6592.939214,13538.81504,6996849.214,10342188.54,74964.70747,1758289.079,5209555.956,21040988.84,107813.1557,30950.36245,51711.23174,25625536.07,640421.924,97244675.12,71942.46321,10636962.89,3920000.628,1836770.362,1337516.288,19600258.23,1094115.166,112747977.7,626432.9992,3935853.722,6756.921478,622780.6115,17191.13548,70941763.4,530059087,1076075.139,178990.0452,209460199.7,9116.482211,578870.9196,132858537.5,1892986.887,606391.1835,6176216.449,9980439.593,2645693.474,76949.81745,15906283.76,57894.16169,421062.9852,60090933.61,81416.77675,51263381.19,21122873.18,1638524.801,145456586.6,1171983.485,53636654.62,415597.005,13593454.43,144748.3687,14384.43413,10479880.76,1551647.659,1528889.691,870722.2568,1352463.112,2707265.085,30748000.23,6782.122997,2723558.289,2383949.139,14703561.42,1209974.694,458379.4051,109530130.7,4841000.252,121006.0068,290838.9554,10041.46461,1152325.823,10989.94227,10605.20498,1569483.709,144885.088,223983.342,152527191.9,28386.37612,184741.5967,3393.354823,NA,148390.3506,40648.7014,236149.426,4694.336458,406093.2455,284076.841,152875.6351,181522.5458,43278.69666,5067992.848,16033.07206,3255694.51,4163279.272,117655.7759,1408480.843,104300.7768,1418609.76,23638.51648,110555406.2,35430777.48,NA,5590016.209,4239.227956,371441.0628,1930570.103,7348924.2,18684.6807,6783.996178,47278.41399,55951830.66,21239598.26,681838.2465,217887.6012,2874411.089,14413.58276,108640.2545,1109635.726,3064.233807,3429.362332,27981.59911,NA,19482.2205,14915075.58,60897.15648,86195.12186,14248.56297,16034.02501,4218874.105,12692.78875,43350.13954,177184.9016,7508214.289,283751.2457,88834.42466,10349.88914,31498.29536,NA
p10_3,pct10,365553.4134,126252.5964,329686.9306,151236221.1,217360.1761,210619.1773,144183.3612,2289638.548,7908163.133,7679473.642,7832101.47,2726266.986,30280422.35,32212765.3,119410.858,55957.66447,273365359.4,1873009.104,241444.6415,46681.1379,1809953.491,270450.0893,246127.7261,45900543.65,25310048.32,373845.2084,328552.0855,296562.1954,2246113.209,34159571.6,5528842.167,9779852.219,153820.5248,197005.4667,20433.44732,74678479.37,62728.52264,254677.9594,339145.1992,217079.9397,9176157.992,952931.9208,430378.8237,7033.630775,14127.80464,133024.0104,60008.53648,4362518.963,6548507.899,1175957.809,565277.5033,135145927.6,NA,320563.9032,373172.8596,70592720.82,104526392.4,432014.5141,1618880.324,390648.1975,22261356.16,521428.9052,201889.8151,91055.81588,8781916.254,177101.8619,474714.7462,21181533.48,27384.26328,1592565.984,5471366.624,16635082.72,5700794.305,260080.3773,5934.306597,467918.3991,321642.6257,5810596.434,113933.6423,39039060.82,22463.3868,2888353.433,671964.5783,75884.35333,86624367.89,3953049.416,12558803.03,13232197.62,2940562.538,4700708.731,56434.7843,209105202.6,752182.2556,9782350.53,43620233.78,1268659.267,9576596.173,358049.6103,176127.397,1088578.054,108736.8402,1136194.294,1741924.101,2831694.665,319638.7237,27367.72407,345052.6893,14641.37382,5512973.841,86506.05899,196839.9099,87463.97962,41966.73636,311813.1579,14078025.47,1351146.671,4371237.825,445926.432,33658033.48,34000065.57,5274624.687,860637.1322,903303.6599,29170.5382,16784085.86,34763.23282,13850.30565,38128.34233,691418.9178,13384012.95,599279.6948,9087.409625,539525.2075,27188628.93,26671535.7,2030090.865,67930186.68,2294892.084,62840.38347,84605.71671,14603086.69,218882351.5,31033753.1,553273.079,317070.9299,4416992.952,28834.08053,188921.9147,30097.50646,NA,NA,NA,55813.39244,3543646.891,12337179.56,24587.45565,3592246.797,2080646.531,19531189.24,100521.0427,28723.77255,37877.51378,22892485.47,649143.4542,62454567.2,38292.24487,6828738.375,1990439.978,1804065.862,758572.2479,16281701.35,1175937.974,68421616.94,485408.1053,2935800.305,20495.45376,553796.8203,8428.902671,47995286.21,475603552.3,1199673.165,206845.9115,232238412,23344.44478,639143.3357,112233632.3,1355132.381,558345.6858,2643554.09,5260394.199,1832584.209,51636.74143,14210092.64,41555.42979,398585.6556,76954993.24,88176.04391,20535649.87,4801959.75,1631447.734,146648156.6,1517698.55,54517736.15,41446.15216,15988618.93,111154.2301,NA,17145692.3,1966539.944,2404785.234,229846.7873,1854762.33,2334241.528,32301346.07,13568.81985,3696775.498,2848055.287,20128751.33,840197.3084,362401.5125,107291574.7,4890730.216,53429.70958,275367.2669,23697.11941,1038708.715,6750.122745,17813.10265,1570796.688,189534.9478,371219.6461,149798475.3,18939.1586,505374.7444,NA,10689.14524,45934.0139,19356.20435,78517.81132,5913.01652,172133.1016,299595.7359,187714.6354,94919.54746,61934.43112,12196740.59,5116.463639,2637764.909,1796407.963,116615.3945,650378.513,97550.55948,1502160.761,10854.09477,54887159.9,25828761.07,31692.89048,1939398.411,NA,413789.6031,3582453.973,4389010.566,5109.961706,NA,7769.462544,69689554.19,23358716.55,343735.2007,562086.8012,2216756.652,22123.00546,81238.00647,402585.2731,NA,NA,5945.378482,NA,NA,13730737.27,63897.42427,57114.43568,7584.959086,12717.50715,4182290.433,NA,15711.1092,27151.19515,12710965.2,244663.9714,92851.1938,24682.40568,39583.51528,26312.15472
p14_3,pct14,466040.3207,86319.81612,261205.9497,150845813.7,165699.225,127900.377,136034.2627,1405954.211,5740535.937,5584567.554,5881014.731,2131363.02,29549371.74,33291126.32,92288.02214,18989.57122,266647540,1511687.064,338913.1922,67232.15154,2542023.66,220022.7912,287145.5665,36253336.56,11797818.31,216059.071,202436.5906,373135.1543,1440966.306,30670724.31,6174609.822,12215787.67,110491.2743,219482.5819,35994.56085,39837116.66,87439.70771,204323.2869,250151.4575,175440.7667,7514682.9,647761.1757,411553.1476,8908.543708,15134.84018,145808.3518,NA,3593649.562,7121808.65,1414814.007,1236526.076,130591714.7,NA,338726.3577,454224.86,59717025.45,86479983.66,408239.8978,1278780.069,212972.7599,19496399.54,603774.9946,332008.5381,100894.1782,6902872.351,224118.2557,316785.1606,17070100.57,13894.64094,1534232.828,5008038.813,9857020.048,4339378.937,290796.4335,10175.6874,196287.0435,349900.7923,8765203.868,125028.162,24419000.44,6749.79244,1906688.712,405013.8413,73854.33737,69833011.64,3542941.368,10503274.66,10947764.76,1452416.392,2198585.918,24173.10291,160007193.4,810116.1081,4468656.322,35960072.04,1216785.418,14804879.38,159730.4983,174891.7598,876008.6744,85659.69181,754998.8386,1576344.865,3483364.887,510301.5356,NA,283426.5187,16702.8432,6176031.926,50873.12209,84490.52188,74830.56218,23301.3324,272182.0806,9293353.647,646392.1727,6166936.654,297628.595,27221652.61,27354046.45,3754300,632510.0772,664698.4298,10175.49258,13727694.09,39854.5369,NA,36461.88593,717998.1887,11051305.35,424941.9445,5085.728954,448363.5943,29083880.15,30367697.79,1576322.503,54647070.06,3154873.703,25467.24532,54495.05215,12567953.18,236656679.3,29471317.53,578435.794,40081.97012,2881710.55,16334.31108,129653.4175,13736.36347,NA,NA,6781.813848,22046.77311,2974286.948,8584504.857,13742.32759,3401885.399,1805232.805,19045782.25,79488.39908,27851.37884,36244.06823,23495701.27,563625.1796,120983110.3,44058.93229,12607329.81,1879115.069,1675050.21,637507.2227,17376489.35,1166277.882,67698444.85,667267.0815,2673795.737,16391.18945,529881.2685,19616.10762,46230590.92,295095529.1,1206186.656,197164.6325,250058562,13478.85754,727596.9511,109831785.5,1603710.133,567587.4712,2619896.305,3314901.787,1607592.663,95506.42919,9220333.259,40700.04686,343386.9917,90790931.28,48709.793,23854703.98,4372896.35,1128538.174,149852347.5,1503351.861,67359770.43,37063.27192,20601656.75,112218.7326,NA,21343360.33,1649990.893,2757482.217,130424.8277,2082886.397,1760164.306,38494772.45,7723.36971,1980765.438,2017465.36,16452259.85,549514.8928,346326.8664,103797661.6,4957891.741,44047.04391,196353.7529,22519.21363,1870573.414,11224.09252,20301.41991,1970354.189,214732.3054,658936.7287,159912701.9,14466.23936,478209.6103,NA,29217.80638,35605.92162,12151.64953,68754.58695,22981.47738,150072.2513,292041.3434,77740.97532,115504.5424,44936.15976,4594381.552,NA,2317378.994,2214906.009,135388.7415,490651.4183,88128.22204,3561284.205,7588.474789,44683794.14,12344457.04,NA,1091156.705,15261.78167,360380.4275,2406301.162,9813784.147,4238.004844,2543.567618,21730.26726,71152791.15,22357320.22,376763.076,72092.26464,1322196.992,10132.47296,30614.78458,299641.0879,NA,3391.77186,13558.73454,NA,NA,12822622.74,129027.3393,103428.9655,20811.75684,11797.22397,1945383.143,NA,39106.25633,38124.97156,7449562.022,284091.9261,45471.56523,51321.98478,83588.96431,15262.92724
p18_3,pct18,427818.7715,99557.3901,192075.932,110721433.1,148683.766,152714.5002,403777.959,3923209.865,6467900.104,6825998.406,6833876.365,2114958.124,14096417.99,14870058.22,54258.1767,31151.92271,300305257.2,2145200.618,348513.9934,53106.30724,2935608.014,197674.3312,231059.9643,37726918.02,2445420.581,12568.58042,45432.34408,475945.604,1220608.972,28689283.9,7094235.642,15012890.42,65620.67695,134325.3125,31463.70322,9949999.606,135516.448,218012.0929,119664.3816,219692.404,8441917.222,587835.817,285528.0205,9160.738161,18600.35238,209595.8651,NA,9116019.141,2409155.005,768656.6442,1122321.183,100588882.1,NA,383135.4381,586449.198,56994851.34,83781674.41,630027.9246,867342.8933,199984.1134,18912791.64,583445.1674,474634.0629,142044.6291,17221021.09,218154.3272,427013.0811,22870814.2,62421.58822,2360447.97,4401569.827,7545343.957,3654698.781,400868.4487,11804.58301,299308.3989,372020.1603,9756504.95,247680.8179,19852563.52,52477.85901,1185896.174,188106.4822,87612.35841,62630006.53,2959436.047,8558543.499,9644181.218,1931578.886,2480588.485,22889.32686,83813994.29,733218.7775,1140033.344,31050175.78,1119089.575,13848694.4,121198.5732,152411.8246,609653.3581,47442.09194,1052121.022,1505157.552,2647392.835,243345.0953,NA,159937.9458,19172.86545,3800668.429,51112.63329,62689.45806,41567.49253,52146.49345,275875.1636,8176698.067,614880.8173,5839880.933,341578.4864,26579637.32,26371603.13,3688601.662,604327.6785,959876.9908,18657.12534,15692202.73,38123.72672,NA,33934.62817,608322.505,10266966.56,619445.8808,NA,592416.86,33949337.45,32290331.23,1920960.542,65491077.73,2740417.171,26578.48889,41070.66075,14921748.12,222853496.5,24592555.15,286931.9691,43650.79937,2254683.217,31369.64285,77309.09005,9367.752842,NA,NA,5081.210072,8360.866981,3096598.781,9550328.082,21073.02613,3525775.821,1730779.524,22311923.08,78127.89447,49341.67767,23267.83996,22406916.14,888612.166,268454596,5840.444301,29752699.53,2596964.66,2346513.782,845525.2891,16499629.29,1443202.663,95006393.5,586287.762,3068576.246,9016.09015,655759.033,8383.670167,50045210.87,380803781,2353254.933,219521.2076,279398109.6,36133.61509,670514.2258,115371841.2,1290527.311,540458.3145,3173819.504,3679932.57,1998895.222,67904.0072,2784952.334,33909.47738,428090.2686,98811123.7,64181.57903,19860238.18,7618696.284,1584829.119,176850173.6,1901879.066,56893218.99,99745.46586,20861384.68,76245.39242,NA,13755351.73,1888684.538,3515026.585,127201.5316,1698955.62,2686050.193,79031467.09,24591.22534,2735039.284,2520337.149,20650350.84,747679.8871,340538.4521,94085060.67,5881583.263,119827.211,231832.9252,21911.20555,1045401.647,13546.81517,4236.324012,2247586.535,286147.2643,784232.0733,190179192.1,15219.93133,391221.5569,6754.339169,17391.33715,60076.11635,10934.92198,79761.15636,3621.93448,138117.0524,268315.9769,199666.9235,88779.00146,43894.54176,3446743.564,4215.387722,3002381.976,1118253.185,98992.14999,454442.218,17562.37946,2498346.081,7888.433596,41092304.37,7075022.865,NA,980491.4576,4240.571238,406963.7305,1725785.745,6349439.231,5130.44327,2543.128914,20355.85733,65724296.39,19660881.14,114386.5818,56301.09739,957007.5625,11842.16997,46134.96717,203475.4249,NA,NA,24583.57589,5087.571358,9972.437298,12421020.77,102609.9878,79549.28493,12598.76899,13209.53651,503118.0169,9463.834443,54268.04935,29666.19774,18973975.82,340766.245,72384.3832,21418.38967,59369.66635,16112.23387
p0_4,pct0,481402.8125,133936.5213,164344.3309,88561843.5,265009.7746,130515.1882,855092.254,10078001.71,13919553.53,13728763.16,13263754.78,1016837.898,10844689.13,12430948.23,62796.1694,36220.52582,215341464,2337314.43,147387.7334,81979.20085,4968807.279,193339.408,202751.4184,55339327.66,25795242.27,422826.9914,437518.0773,242047.5432,1445789.326,30559626.1,5427263.132,10519723.6,56847.03956,127128.3756,40502.3459,39863640.18,56882.20552,228442.4274,NA,270786.6951,3469794.384,229486.2462,157719.0796,6820.947667,25945.76737,148912.493,562714.5841,5391638.784,1308719.138,2116034.997,2774610.877,163217503.3,NA,199403.9733,112603.3447,23610314.67,37782521.53,121839.3971,357773.2728,323420.3501,10985801.69,464860.9928,348848.7422,202753.0232,5958453.788,232021.0675,457954.72,28565078.62,34098.9062,NA,6094048.711,12321482.62,3699767.239,177297.1416,NA,235121.3401,498950.0394,2571361.892,22043.6509,13296474.65,16983.78855,2560812.948,212653.3881,119367.9851,60928189.63,1707163.711,9973236.241,10047891.62,3759552.636,3985634.69,186176.8109,198515103.6,735785.2138,2306836.887,25556264.38,731602.714,5551364.49,202077.1674,227389.3541,1039468.276,95160.2572,330780.8547,5469633,3015395.687,542361.1126,8431.572585,678329.4013,166114.613,3002586.336,109382.2399,148572.7918,195202.193,39425.85235,365545.8536,29898933.41,4989.135398,4321259.91,356009.6596,36701759.78,34578884.91,5516149.696,1322772.654,805982.2869,15281.64134,9384242.941,59415.02212,14415.63883,55527.07834,762119.7547,28287398.3,751262.1839,11870.95746,309485.39,51289704.05,50608156.92,3074019.563,39551811.63,9814238.489,15818.05702,50664.92103,3834875.154,87674605.34,23177856.43,778060.2992,62635.25527,4065483.81,32238.24905,257400.1619,3315.74727,8478.333284,NA,21275.29274,14382.45738,4785920.57,8795632.424,29692.21228,2497142.35,2496111.882,6481617.538,61006.51479,12136.41375,19500.47691,18653861.73,954832.9821,108218834.3,92407.20841,10968949.67,6052646.076,1186019.68,957978.4017,5267414.419,450063.4284,145907381.6,179330.4476,1772410.079,12706.8994,263226.7254,NA,60831418.92,333112335.5,1033746.409,150875.6192,226749143.7,9012.165574,602846.0953,47846636.34,4489764.07,524942.9245,9218525.638,3053539.794,820097.8984,132723.0235,16194641,12388.13528,169363.0919,70219491.75,44096.73085,48906135.85,850050.6422,569180.6772,107682520.4,2912860.274,76630697.65,54142.1383,7390151.278,87914.97853,NA,13562887.08,242741.9254,2164828.29,550577.05,1805063.806,559716.3951,18242930.16,51610.06104,1573269.461,1231133.441,3331348.573,432008.7734,359182.7208,89998865.88,1505499.613,26847.17591,91228.53928,15719.08232,596040.492,7390.260614,17807.16251,539111.3973,164468.3772,198757.7835,98534037.24,26284.52302,374535.7788,5024.786931,11804.96441,128746.7336,33859.86582,70146.95589,NA,205925.3257,264811.5964,328697.2985,21324.72225,16112.39852,3224073.755,12257.75261,3084704.868,3554169.752,69622.77397,603668.7284,86414.87929,1538667.482,16014.1179,74166231.51,29058336.55,11718.12996,2599753.958,NA,147342.775,1475542.706,6876296.932,22894.70641,NA,29767.92462,25218962.4,19329006.58,770068.6015,133681.2706,2057823.666,40717.93989,91664.76922,588509.5949,11701.2706,4240.457051,59180.02772,5934.405298,5085.89958,11503749.12,126710.5502,151645.2204,10673.2579,16869.16991,2057875.338,NA,25657.38221,87338.12533,8516770.953,280543.3086,123350.1445,5454.780511,66756.8561,25437.9641
p2_4,pct2,616903.2925,230157.3524,277229.3755,149039951.7,389269.2582,336680.2113,208329.9362,1428170.19,24209558.61,25002996.34,24592684.33,2902085.077,36999295.83,41591504.98,87339.45632,41266.32826,209863406.2,2394483.788,628106.233,128438.6523,2436744.598,265831.2634,287777.004,106631495.3,81331537.33,1581665.209,1402807.349,420559.2952,2242143.854,45774190.42,4184040.624,8967199.77,151248.914,215522.3596,30439.89159,131777308.2,NA,232564.7068,42578.56934,277996.0129,5363079.692,1265325.889,596064.6396,25384.25923,31296.16308,133798.8987,66916.23221,2788564.947,7575219.995,1475988.586,1472519.653,186533964.1,NA,208466.8932,229478.3935,80786767.92,108744144.5,269709.254,2827001.186,724663.1453,34059639.82,575829.6752,51505.34236,162595.0943,5065261.386,205937.7706,461005.2506,38406052.81,25453.46905,2141874.345,6304324.537,29675798.08,5667800.965,177520.2416,NA,494408.3891,598746.0848,8766485.442,49024.20511,26393165.12,37306.3247,14054759.52,1094771.267,48520.19491,81575401.57,2982008.543,15314992.72,15186467.49,2705107.187,3531220.464,319292.0401,263599568.5,1110403.175,12179566.9,35686895.46,997122.2761,1106768.49,155947.1753,129541.1134,1554965.396,246801.9067,1242304.896,1319630.35,4442034.611,887170.5345,21015.81476,542571.0144,24911.57778,5806422.146,45758.79351,205767.6075,149092.6256,31464.17102,240931.4842,15030037.02,356079.7123,6170577.042,236482.859,22601910.69,22008386.29,2825614.231,1175990.096,664849.9835,16951.08166,29927844.13,16123.10455,NA,37284.06061,377677.8911,6358836.367,692800.6452,7556.375831,225815.8121,14193251.77,13850424.73,1579382.181,41474638.18,561942.5578,30910.53729,68979.09985,5733247.544,131540755.1,28486106.44,1056101.836,41297.75851,3911981.818,30522.79131,178896.8917,25314.96199,NA,NA,4662.343007,33914.56333,9167600.624,11676994.68,135648.7524,2024715.606,7385046.95,11706564.79,148624.9217,39057.93952,39832.64857,22602467.43,1133745.969,101347426.3,111942.29,10921716.7,4878376.301,1840192.596,1172171.682,14215690.96,793798.5286,143863384.9,354638.6464,2010735.277,8524.198533,387618.5761,4280.657615,66961717.53,436650911.3,1070967.514,141910.1109,240716445.3,14584.51712,513489.5155,88869958.62,1223793.206,777602.2107,8862806.149,5489760.741,1586887.264,49639.96033,41701958.49,28637.06733,270649.7228,71578663.74,62656.27304,47229311.5,2044859.32,1701421.003,142904947.7,2335945.737,70837573.29,23168.33566,11961538.64,141604.1831,9447.172187,14713401.79,1219652.515,1965052.509,552396.0102,2038107.534,1366740.928,24062769.29,20352.4452,2270724.821,2197955.901,10767979.96,741744.8871,415639.8234,118861199.6,2854629.88,37270.16062,184741.5557,13801.20227,356128.4205,5209.365112,36458.87772,1278660.586,144835.6038,160168.5715,140090624.8,29664.79507,328690.6246,5934.593049,NA,100212.7832,16669.62093,263022.5683,15261.72615,806057.1941,367611.525,155702.9153,63487.35415,45785.13752,1536226.158,5091.179497,2925825.67,5491620.043,139056.4813,692784.0923,116240.9229,3050873.108,8891.381948,78836919.61,29274124.01,7617.46449,6720478.971,9290.14419,559611.8282,2842596.811,5541141.731,22046.64377,NA,37614.57294,38095893.53,20940129.52,690908.4245,88924.84945,1916412.776,10233.03764,59917.65653,787841.1327,NA,NA,48452.14782,7628.800776,13565.88507,15063798.69,58109.99287,57708.71522,5068.245214,22030.26443,10302066.15,9428.268059,32553.33587,78009.07026,11519502.95,310373.6004,32946.07859,27920.78768,55187.53504,11022.14874
p6_4,pct6,700684.7635,358027.3887,192694.5347,108722568,462369.8102,392429.153,1032174.238,5709311.816,21681394.42,20709816.66,18643942.92,4315481.21,29750363.55,30855410.18,108738.3304,43568.48782,183637341,2140822.44,498983.3178,111093.972,3107001.788,566609.3424,286603.3161,89926309.23,24968760.76,368269.5273,342859.9332,1293420.701,2332919.321,41692736.04,3480533.493,7099837.947,133792.701,393753.8875,56230.92767,65225649.3,117200.1829,300097.2737,63122.53488,309485.8405,8700109.088,1223113.252,811074.5922,9685.606184,10985.64938,188953.0214,173178.1206,6986996.33,6522111.361,1492553.893,1765047.793,140499270.2,NA,168613.3131,393127.0675,64105456.78,99320580.7,424703.2749,1872538.733,644184.6894,27742804.85,530461.4731,313630.3363,280225.6868,9666450.86,111209.3206,1244889.306,44738747.05,54360.27866,2587021.418,13445145.21,23049095.81,4828318.338,274264.5368,8473.058611,1038961.77,524506.3308,5447280.417,130907.7569,22434567.72,19701.76071,3128869.419,342600.4231,49410.50868,74114431.77,2449443.557,14119640.42,12913090.55,4624776.037,7527631.97,314144.3292,206940355.8,1041266.483,4670452.102,33604990.25,1423760.41,5935711.96,192483.9137,179332.0885,913105.1223,176348.0628,910478.2838,4133929.243,3782649.351,519604.7662,24759.97956,349079.9154,24225.45996,4077851.059,97083.05285,199094.2671,121772.3649,61274.25301,404636.74,19999178.46,705393.7067,5192135.108,474426.1053,44924951.98,43141614.98,6551054.558,1379775.221,614288.8962,66767.03114,11487218.7,50736.55928,NA,35175.08095,576559.5901,15460508.45,552437.1467,8439.493818,201684.5187,34923256.33,35979510,2909196.867,73785147.04,3616734.556,78549.6647,80824.84682,18557543.09,191702855.2,37149494.32,1362390.703,159276.2644,6658917.134,44111.6231,403377.1942,22863.89501,NA,7587.728912,7722.102953,NA,7803617.906,9346140.318,100779.8117,2421974.899,4491245.516,20688386.68,201757.7531,45481.72731,42583.54779,22523735.68,899411.1419,120150161.5,117003.33,13674139.21,4811558.795,1891780.825,1513298.129,15789783.19,1047558.556,156966175.7,458990.7643,3613779.832,16558.24518,698502.6467,22098.09251,76437003.71,555092079.8,1270401.525,134336.9823,249290432.3,13725.52187,939019.2859,126666124.1,2137255.944,574651.7061,7488184.875,8441453.583,2196918.849,99107.38179,17365182.92,48797.78654,393189.3164,59860186.02,114459.3082,49947901.42,7200185.715,1497854.849,148617997.9,2259459.142,65829082.04,177223.5209,20093301.54,167805.4282,5900.648727,11793068.53,1728560.602,1461827.691,1177745.347,1195415.754,2168301.081,28634608.94,21192.77061,2353581.828,1986435.059,13545109.3,984764.8677,504872.0339,106285950.5,4162327.342,67842.15193,180895.1504,28396.55258,1260905.021,8612.452642,23739.44456,1612328.914,220258.466,502559.8166,182627495.5,35737.05654,317669.9668,11001.9991,18457.50683,152268.8851,42272.06131,319466.357,NA,409060.897,340339.7489,202873.8278,88725.86963,20130.43125,6802110.97,24574.31594,2813285.822,2963021.957,112879.9295,1378463.097,91340.08081,2042531.398,22126.76753,104925636.2,31555433.64,8443.338709,3908957.434,NA,5130.911816,2343929.584,16493814.9,8479.442706,5934.344531,62673.50674,52849807.67,19606060.51,1159808.022,188377.5068,2834470.491,32631.7264,172179.3662,1798089.603,6105.051597,NA,23761.19003,NA,16927.62746,13410781.97,81378.30972,86054.9118,15412.18422,26484.31555,3669156.881,7691.20819,49740.37769,123793.7042,6133560.508,299775.039,50365.62883,13224.4716,49885.45386,9333.843951
p10_4,pct10,349491.472,81950.21625,118565.4241,63961112.54,123868.7204,82208.32342,48833.33186,1096720.72,963023.287,926426.1457,936799.7829,310312.592,7791744.748,8433835.064,21170.07333,9970.677145,144914773,260477.8871,252934.7328,16408.56014,2213264.156,173746.4797,245549.782,4082230.734,7797523.535,178685.3533,140934.8158,90759.99417,738686.0135,13186098.93,2317854.806,5138374.305,98460.78804,48735.34141,17830.89636,15616946.84,26480.40863,186234.6403,NA,473153.7359,1439625.961,279170.4385,263157.9296,11850.17018,9249.702795,63637.44999,34472.51236,555077.1844,3067059.377,381906.2702,273247.1337,94163121.55,NA,579668.5451,41945.18729,11899546.67,20961275.32,44092.20623,159028.7485,166119.3877,2640069.314,492657.0082,44088.43228,24304.86873,1290422.502,206880.1455,250882.6165,9087438.407,24849.55789,1942840.348,721244.8467,4243700.469,1647596.439,207256.1765,7630.888062,101229.0388,403908.8195,836383.008,11873.17181,15821866.7,NA,528210.4908,57629.45551,33430.08606,30798317.54,1361805.968,5236074.006,4993311.678,296486.8474,98641.15275,34048.01112,93678810.57,186575.1309,5242636.793,11453449.64,423398.3683,12769661.34,33088.6121,27519.45516,375114.7398,46813.81481,114808.2292,612064.2126,1233143.241,130513.9581,14459.62386,116493.1994,66180.17215,4544003.965,16096.12147,34603.81564,27630.01727,5109.80906,123658.098,5055458.061,94038.23958,1258060.602,98929.53426,13377918.65,12992766.42,1774218.926,204348.8297,381550.9588,8037.980011,1991461.26,5934.532415,11022.07049,11024.66234,165400.3634,2096111.794,441766.2378,NA,167642.475,7032530.307,7089837.715,106838.147,31957800.42,69525.71311,17809.87144,NA,4383229.123,117025099.6,25556881.05,335398.9033,18199.16093,2277191.088,14415.54114,146076.2611,NA,NA,NA,NA,NA,563361.6368,3485872.661,18653.27808,5778423.803,698354.6641,2106782.954,123307.4006,6044.428301,12681.32217,10658925.78,520953.555,13327.77023,31360.31417,NA,573600.1387,240988.7681,262578.3345,8156190.629,147617.4524,33724962.2,137704.9754,953035.4802,6784.19549,85375.20454,5953.432145,19641900.29,86898879.17,885471.3708,92438.11881,101687125.9,4541.673549,301889.302,16485026.39,771824.8264,325478.0753,1014465.502,2249616.415,425760.7161,83962.12173,5931384.419,11020.67151,153392.0601,28879901.36,23741.33756,9453451.394,451202.7503,201745.495,38976525.81,2537398.846,42690655.91,5934.522136,2883542.783,22556.73071,8018.545466,4820180.331,228878.4641,948879.3585,109382.3068,1087422.221,463805.2833,9051541.7,16039.70532,1492304.654,1208036.158,2120094.62,130871.1691,250173.2565,68217505.6,747268.3819,9176.48444,78049.49422,12571.25374,347643.3383,16057.12945,19503.1014,72920.42176,241717.8135,98690.33765,74279541.89,19502.78289,122833.5861,4211.032322,NA,6795.537304,NA,113422.9081,NA,30944.85735,49334.88078,37211.21808,9352.181212,10648.07231,9846027.267,5932.067927,1695587.001,3469985.407,21240.18702,139242.6402,211191.365,250063.462,5923.963151,63545780.82,23547922.51,NA,2907766.899,NA,127206.6926,2367691.157,1553093.764,NA,4240.55237,4689.600945,41362260.3,15484878.18,313665.5985,50028.47568,1316527.194,7628.724713,114124.8472,423434.9958,NA,NA,NA,NA,NA,4811916.496,67523.38913,317066.311,74945.61101,7343.731613,1119998.185,NA,NA,19500.51116,381618.3939,86487.83533,10163.31818,NA,128894.449,6781.6153
p14_4,pct14,179217.9127,127029.6229,40917.41395,14815078.09,115671.284,145023.3337,731832.7079,92049.9569,2968147.764,2759574.459,2847705.167,253615.1885,1570305.781,1747750.821,11003.67851,5086.757292,119936180.2,229996.879,175225.6351,38027.40651,1173823.842,86472.86592,86076.53294,12692677.45,186419.2944,8730.478088,20802.91205,123877.4398,244230.1805,7607243.575,1557343.658,3410307.752,19673.85196,63826.55312,7077.971601,423191.168,27651.07133,229589.6732,133885.4135,766729.0823,605325.2334,109467.9406,154550.0718,4068.577706,13246.41594,24498.00428,213009.9131,1086819.911,92669.85465,89319.73756,122450.8299,14223585.54,NA,164275.4959,31935.23787,1632504.196,3668652.675,27561.13883,135833.071,58504.28324,1764926.538,156919.8023,111611.5307,62683.26706,1395884.437,53190.31291,215338.1821,13005990.06,6019.110483,4839553.84,874561.9985,1487926.759,586840.1732,176607.2632,NA,25809.31157,194067.8513,810099.7344,17790.36324,999996.4374,3349.72305,60531.50695,19678.30862,24727.26466,7958310.751,321281.5747,1267256.758,1331587.439,345771.6955,364991.4819,8747.71285,6724700.318,48216.44108,123782.1613,2573446.781,304309.7015,4652953.571,26275.50073,13448.27385,150233.4643,27965.06377,55797.11401,185466.9217,624036.2779,74623.46733,17622.26854,68666.58879,38118.2342,1359241.974,11871.718,NA,NA,11002.94045,90346.25814,2480239.192,25439.15645,538640.5813,61161.94143,8843627.875,9599384.67,1302250.941,125475.9492,243238.061,4240.436397,1655284.253,13566.06453,NA,9288.555653,64241.06401,1280765.091,167041.3671,NA,134687.2097,9631678.203,9182888.874,101571.252,19035249.55,1637331.918,10160.02948,NA,3329206.753,94449642.38,18610934.27,108595.3441,10790.46736,1734581.651,8478.376205,82453.58538,NA,NA,NA,NA,2543.822186,500988.1414,406423.4901,12718.71617,1604533.682,518156.0344,1340121.154,55092.5896,22989.42003,7631.856222,3788991.955,474154.2634,7334.922848,5837.883095,4580.037619,462128.8125,84010.88106,126557.3503,3787398.257,73263.05339,33192427.41,65078.33787,546910.7121,NA,77229.56775,NA,11948179.83,64152770.32,423746.5739,49838.46761,65186018.34,6112.385536,200054.3657,5648808.643,248222.1128,154299.7554,1948501.269,852061.124,215058.4176,20293.43195,213514.1322,3390.599252,44906.13198,18256245.52,7617.73232,8748784.62,360573.1158,98081.88127,17774121.73,1946237.755,43619594.61,44091.0264,1008857.451,18346.76516,NA,3252924.504,139597.0205,842262.054,116985.1996,481758.0585,169139.4481,6154656.672,14421.18049,2041491.384,1393413.157,893299.4316,108310.0793,263710.3085,74279000.32,258286.8497,NA,34112.14988,12056.46744,113619.2044,6628.832579,6783.986965,88160.65464,470079.64,39252.47984,62549235.56,NA,67867.08137,NA,22264.97848,5944.182863,9121.723583,70965.63432,NA,5087.563581,109381.4251,NA,8461.032782,12716.23214,1889452.9,NA,1405800.325,934041.0314,49178.39318,232466.6438,13604.24487,211083.8798,6759.396201,25939252.48,2954373.641,18374.97198,520159.3603,NA,NA,521454.9635,435919.5087,3390.797989,NA,19557.34055,31710286.96,12011675.75,92422.44772,16114.61991,1056875.394,6782.079,15939.90433,446005.0735,NA,NA,NA,NA,NA,1731044.876,38055.39158,289940.0577,62523.89233,10913.27438,86622.42827,NA,3284.716398,NA,237376.8799,116346.1658,41401.64106,NA,100458.7528,NA
p18_4,pct18,279713.3168,67259.15187,53964.86441,37854483.03,67950.72488,79895.71001,120458.5598,187361.2362,1765074.927,1127618.131,1653366.904,226589.983,6052080.489,6477669.831,12718.33154,59647.55148,171279231.8,288155.4536,77655.17827,NA,1515526.3,129941.5805,277076.8668,7465953.025,1622496.619,31052.16017,44252.45696,89041.2001,540144.4232,7242101.005,2972017.575,6430512.507,72830.31257,181813.4309,11734.86362,3223050.757,37960.21152,192358.9697,44220.99895,495773.4089,865482.1273,188129.4509,124835.0459,5939.879817,2940.114161,66189.17557,7367.881096,166402.7819,1816093.017,324693.9876,244827.0203,36643754.54,NA,429131.0743,63842.16303,6154532.644,12495287.79,51061.31645,283575.1689,26785.22496,1868026.572,362297.4597,66688.31819,68220.15488,633064.2133,157149.7389,175901.2598,4775033.144,14185.91836,3102230.721,819635.4989,1964304.877,1489472.291,215860.1699,NA,75510.97209,223440.4085,1049664.277,23812.8814,6587366.457,15944.43698,193678.1835,24356.54219,45597.96151,26075558.57,1291855.893,4099797.561,4152167.693,138505.6471,30019.55531,15802.94685,31310146.9,105943.8809,751880.5447,11077077.47,303564.0968,5637212.286,13566.8965,16093.80614,229664.4853,26282.256,92746.03059,153281.7391,668144.7523,64439.96226,NA,61056.05895,18656.21223,2521853.699,13565.95797,NA,5120.981565,5491.29199,12329.24002,1540857.581,84912.76321,751906.0118,76313.24022,7278343.818,7646405.436,880540.235,70604.19101,153475.6621,5937.130007,1353997.49,NA,6781.645281,5152.05039,36371.84152,877144.7007,275183.96,NA,268705.4643,3913646.988,4031510.068,24502.16948,18650772.35,161106.1452,13565.84888,6787.136071,2567108.131,113656754.5,12048594.75,118709.3443,10170.76072,659261.6127,NA,44085.23379,NA,NA,NA,NA,NA,443367.9346,1333431.936,5940.017006,4465750.741,485959.6266,2004935.594,54416.22036,NA,27891.98591,7012917.767,428530.2732,NA,5087.25393,13171.49017,421258.6039,252529.7986,188814.2819,6244178.497,100883.0359,46039098.75,153588.7801,619406.8241,NA,69537.16994,NA,14087569.16,83383225.17,743644.9355,91867.64901,106931070,NA,205245.3242,14546981.2,421932.9582,216024.5673,1019972.304,1088511.759,374671.8576,4293.173139,1191232.126,5934.589381,134674.1398,33338863,NA,8905689.816,390588.6477,197629.8675,29580354.2,2085092.339,44204590.59,23740.90543,2000748.575,47486.54551,4238.955514,2944163.139,182486.644,1032558.539,55862.16342,855841.8594,392396.7491,10783124.77,7632.68087,1272897.179,1100799.402,1938042.11,111913.1147,185920.1289,54550732.91,836572.938,5160.228494,37557.42092,NA,284498.6972,10125.53864,7624.935811,127211.9398,256072.8271,91440.69228,81247513.19,NA,208308.6522,NA,NA,15153.21973,3442.186693,71483.85374,NA,28828.89258,54645.43597,21285.33834,21963.238,26279.49344,911336.5666,5934.573936,1025111.829,1714682.673,16109.61646,64665.43443,22412.57794,270479.9048,6786.026888,33261569.48,10668564.64,NA,916059.1619,NA,36374.53294,1083082.313,958995.1045,4219.56905,NA,10174.94156,39751828.91,9512685.63,121252.7268,6889.287749,427304.2725,NA,16070.35142,192478.0332,NA,NA,NA,NA,NA,3085227.279,51850.40208,260705.4362,47431.51796,NA,171070.7052,NA,13816.07938,23740.92259,459642.8556,58331.22169,21373.19272,NA,91262.24574,NA
